index,text
资讯,431204
价格,117620
报价,83300
市场,78747
出厂,78401
动态,63708
地区,58800
PS,58800
讨论,49512
暂稳,49000
股票,45267
置顶,44807
新,44648
行情,44559
国内,44221
参考,44110
金属,44108
最新,44106
山东,39201
纸浆,39200
指数,30284
软件,30012
板块,30008
亿元,29809
下调,29401
挂牌,29400
氧化,29400
涨停,25086
主力,25082
投资,24995
反弹,24880
科技,24824
下滑,24503
个股,20252
成交,20068
银行,20065
成交量,20038
资金,20028
经济,20018
形态,20012
高,20009
国有,20005
六大,20004
交易,19988
概念,19939
股价,19936
买卖,19913
集体,19912
万亿,19907
发展,19813
稳定,19708
硅,19604
鸡蛋,19601
出厂价,19601
湖南,19600
441,19600
锑,19600
股,15205
股市,15098
买入,15080
回,15055
亿,15030
持有,15026
抄底,15020
黑马,15011
电池,15010
海,15007
利润,15007
吸筹,15007
记,15006
换手,15005
合计,15004
散股,15003
八小,15003
冲浪,15003
国有银行,15003
红利,15003
公司,14969
提示,14921
材料,14910
家,14910
逾,14903
万亿元,14902
金融,14821
支持,14806
红包,14803
附,14802
维稳,14701
市场行情,14701
平稳,14701
现货,14701
钕,14700
针叶,14700
阔叶,14700
报盘,14700
精矿,14700
青岛,14700
点,10327
今日,10141
突破,10085
A股,10069
低,10029
基金,10029
发现,10025
投资者,10023
停板,10022
业绩,10022
信号,10022
选股,10017
环保,10015
涨停板,10014
基建,10010
二次,10009
类,10009
次,10009
回报,10007
技巧,10007
智慧,10007
收盘,10007
熔断,10007
潮,10006
利息,10005
机制,10004
净利,10004
掀,10004
发放,10003
净利润,10003
1.1,10003
锂电池,10003
带领,10003
锂电,10003
铁,10003
探底,10003
标题,10003
天夏,10002
豪掷,10002
股息,10002
磷酸,10002
一组,10002
运作,10002
创业,9957
创业板,9951
说,9937
大幅,9928
三大,9928
持续,9927
问,9925
上市,9923
小时,9922
影响,9922
科技股,9922
走势,9916
世界,9916
北向,9915
汽车,9913
估值,9913
融资,9912
一步,9911
增长,9910
判断,9910
转,9909
上市公司,9909
合作,9907
项目,9904
开户,9904
超跌,9904
高送,9904
之间,9903
3%,9903
热门,9903
线上,9903
董秘,9903
再起,9902
名单,9902
狂,9902
位数,9902
会否,9902
免,9902
进一步,9902
净流,9901
大火,9901
发红,9901
Level,9901
个位数,9901
氮化,9901
沙特,9901
个位,9901
产油国,9901
GaN,9901
抢先,9901
跌至,9901
指大涨,9901
发红包,9901
油市,9901
产油,9901
超跌股,9901
镓,9901
打折,9901
佣金,9901
分析,9866
上海,9818
政策,9807
ETF,9807
高新,9806
企业,9806
石化,9805
推出,9805
提升,9804
中心,9803
复工,9803
助力,9803
避险,9802
四川,9802
商务,9801
高新区,9801
新区,9801
三板,9801
天津,9801
玉溪,9800
园区,9800
动态分析,9800
锡,9800
商务部,9800
宝通,9800
太康,9800
道欣,9800
江苏,9800
镝,9800
MTBE,9800
火灾,9800
镨,9800
走平,9800
锭,9800
报稳,9800
确诊,9800
森林,9800
明天,5336
涨,5285
跌,5258
缺口,5174
中,5103
胜利,5090
赚,5081
操作,5075
玩,5066
机会,5063
炒股,5062
周五,5060
清仓,5057
盘,5056
回落,5053
真,5052
卖,5051
利好,5050
垃圾,5047
龙头,5045
连续,5042
真的,5040
概率,5038
资产,5037
开启,5036
冲高,5035
盈利,5034
记录,5034
盘面,5034
前,5031
新股,5028
跳空,5027
热点,5026
结构,5024
价值,5024
底部,5024
亏损,5022
操盘,5022
下跌,5022
北上,5020
月份,5020
关键,5019
想,5019
庄家,5017
昨日,5017
点位,5016
芯片,5016
翻倍,5015
蓝筹,5015
炒作,5014
国家,5014
算,5012
地方,5011
效应,5011
入市,5011
刺激,5010
代表,5010
低价,5010
盈,5010
大胆,5010
概念股,5010
瞎,5008
规律,5008
制造,5007
走强,5007
垃圾股,5007
我国,5006
龙头股,5006
介入,5006
次新股,5006
白银,5006
放大,5006
结构性,5006
恒生,5006
低价股,5005
国产,5005
回升,5005
理解,5005
收跌,5005
优质,5005
状态,5005
定义,5005
发动,5005
转债,5005
不在,5004
预告,5004
包括,5004
低估,5004
大宗,5004
稀土,5004
原,5004
恒生指数,5004
震荡,5004
流向,5003
生态,5003
出台,5003
原则,5003
成绩,5003
看待,5003
理财,5003
亚洲,5003
换手率,5003
伪,5003
骗子,5003
并购,5003
美丽,5003
首,5003
常规,5003
级,5003
权益,5003
电,5003
太低,5003
工程,5002
要素,5002
金白银,5002
味业,5002
浮出,5002
溢价,5002
牛皮,5002
半日,5002
海天,5002
举牌,5002
逃跑,5002
性子,5002
程序,5002
收购,5002
无处,5002
锂,5002
程序化,5002
形式,5002
神经,5002
涨势,5002
五大,5002
分拆,5002
预估,5002
1.14,5002
比例,5002
识别,5002
配资,5002
身影,5002
上调,5002
险资,5002
52%,5001
国家兴亡,5001
股是,5001
拟派,5001
引,5001
马太,5001
扫描,5001
几种,5001
配资要,5001
红外,5001
完全相同,5001
湿地,5001
水面,5001
碳酸,5001
一代,5001
下一代,5001
偏爱,5001
豪气,5001
永磁,5001
扫货,5001
矿,5001
狂牛,5001
捕捉,5001
坐拥,5001
靶材,5001
磨底,5001
附股,5001
进仓,5001
PMI,5001
行日,5001
兴亡,5001
正极,5001
碳酸锂,5001
马太效应,5001
先付,5001
引擎,5001
包含,5001
毎,5001
潜艇,5001
喊话,5001
神经兮兮,5001
财险,5001
六零,5001
女人,5001
越近,5001
老天爷,5001
价值连城,5001
耐住,5001
可靠,5001
险企,5001
主力庄家,5001
预示,5001
国产软件,5001
比比看,5001
制造业,5001
拉动,5001
兮兮,5001
2.19%,5001
784,5001
红外光,5001
最美,5001
PPP,5001
AI,5001
匹夫有责,5001
无处不在,5001
铁建,5001
如虹,5001
五种,5001
曙光,5001
比比,5001
金红利,5001
有责,5001
饿不死,5001
家雀,5001
新型,5001
连城,5001
匹夫,5001
扩散,5001
高止,5001
领跌,5001
诛心,5001
高管,5001
老天,5001
大跌,4998
大涨,4985
股份,4980
机构,4961
技术,4958
线,4956
压力,4955
短期,4947
先,4937
指,4937
期货,4929
电子,4927
涨幅,4925
消费,4924
盘中,4924
全球,4923
朋友,4922
钢铁,4922
等待,4921
道,4920
发力,4919
中信,4918
半导,4917
疫情,4917
半导体,4916
导体,4916
专家,4915
有色,4913
耐心,4913
平台,4913
多点,4911
总体,4911
一轮,4911
美,4911
超,4909
研判,4909
手机,4908
千点,4907
字节,4907
原油,4907
信,4907
智能,4907
美元,4907
资本,4907
在线,4907
跌破,4907
标准,4907
微,4906
下降,4906
时机,4906
加快,4905
产业,4905
欧洲,4905
跳动,4905
优势,4905
工业,4904
三角,4904
有色金属,4904
南钢,4904
龙,4904
北京,4904
做成,4903
制药,4903
两大,4903
波,4903
繁荣,4903
获,4903
化工,4903
测试,4903
损失,4903
更好,4903
乡村,4902
下挫,4902
同比,4902
降准,4902
复产,4902
思维,4902
重挫,4902
战略,4902
日经,4902
出口,4902
力,4902
好时机,4902
玻璃,4902
战,4902
华东,4902
短期内,4902
最强,4902
福建,4902
买房,4902
期内,4902
引导,4901
贸易,4901
条,4901
神驰,4901
长江,4901
含量,4901
传播,4901
安宁,4901
偏弱,4901
间接,4901
攻坚,4901
总攻,4901
助推,4901
长三角,4901
推动,4901
宁波,4901
发挥,4901
科技类,4901
门槛,4901
成都,4901
新一轮,4901
鼓励,4901
肺炎,4901
解析,4901
暴发,4901
回应,4901
外交,4901
上线,4901
脱贫,4901
振兴,4901
论市,4901
开通,4901
合金,4901
长三,4901
巴斯夫,4900
外交部,4900
天津港,4900
日本,4900
7719,4900
坐视不理,4900
克雷斯,4900
疾控中心,4900
西北地区,4900
海地,4900
柴油,4900
强音,4900
病例,4900
转型,4900
不锈,4900
享,4900
着力,4900
武汉,4900
7%,4900
工业园区,4900
赛科,4900
期现,4900
主义,4900
明火,4900
不锈钢,4900
中厚板,4900
仁泰,4900
利华益,4900
最强音,4900
持稳,4900
镇江,4900
感染,4900
B轮,4900
电镁锭,4900
日昌亚,4900
布伦特,4900
西海岸,4900
打赢,4900
增值,4900
凉山,4900
技术含量,4900
岭南,4900
成都地区,4900
老朋友,4900
中方,4900
金川,4900
市场走势,4900
利津,4900
坐视,4900
工业园,4900
生人,4900
扩建,4900
铁合金,4900
三氧化二锑,4900
大战,4900
苯酐,4900
津港,4900
北地,4900
钆,4900
交易中心,4900
山东省,4900
建筑,4900
河北省,4900
汽油,4900
氧粉,4900
示范,4900
府谷,4900
焦炭,4900
4.5%,4900
铽,4900
南山,4900
河北,4900
日中金,4900
台化,4900
出口量,4900
钬,4900
赛宝,4900
西班牙,4900
无症状,4900
领投,4900
中油,4900
新增,4900
钴,4900
金属硅,4900
示范区,4900
世界大战,4900
巴斯,4900
走稳,4900
尹乃明,4900
西北,4900
潍坊,4900
农谷,4900
退二进,4900
钢材,4900
或超,4900
225,4900
上海地区,4900
升级,4900
限购,4900
铝,4900
钇,4900
西昌,4900
感染者,4900
金属锑,4900
桶,4900
铝锭,4900
出厂价格,4900
钐,4900
镍,4900
镁,4900
铒,4900
铅锭,4900
佛山,4900
铈,4900
钟南山,4900
因素,4900
扬子,4900
牌价,4900
日英,4900
4%,4900
挂牌价,4900
加工,4900
氧化物,4900
海岸,4900
太谷,4900
受访者,4900
两手抓,4900
扑灭,4900
不理,4900
厚板,4900
受访,4900
无锡,4900
铅,4900
两手,4900
42.8%,4900
魔芋,4900
症状,4900
陌生,4900
一体,4900
定向,4900
中金,4900
调研,4900
雅仕德,4900
力士,4900
一体化,4900
苯领,4900
国安,4900
奇美,4900
陌生人,4900
特朗普,4900
云鲸,4900
亚博兰炭,4900
获近,4900
日绿安擎峰,4900
奏响,4900
西海,4900
源码,4900
日中,4900
楚雄,4900
江西,4900
霸凌,4900
总汇,4900
例新冠,4900
伦特,4900
大盘,693
3000,280
走,267
大笑,226
买,224
跳水,188
开低,185
高开低走,180
券商,163
上证,162
上涨,152
牛市,136
转发,133
拉,133
高开,130
做,119
牛,114
跑,113
下周,101
调整,98
美股,97
补缺,95
天天,94
回调,93
昨天,93
上证指数,93
低开,86
散户,84
周一,82
补,76
时间,75
风险,74
三千,72
外围,71
口,70
砸,70
绿,69
感觉,69
2950,68
量,63
2900,61
顶,61
钱,61
开盘,60
希望,59
加油,58
诱多,58
证券,57
傲,57
空仓,57
一点,56
万,56
赶紧,54
减仓,54
几天,54
尾盘,54
赚钱,53
赞,53
鼓掌,52
韭菜,52
上周,51
第一,51
高位,50
本周,50
红,49
两个,49
短线,49
茅台,48
拉升,48
仓位,48
元,47
目标,46
票,46
分钟,46
微笑,46
缩量,45
太,45
个点,45
哭,45
向上,43
哈哈哈,43
破,42
周末,42
趋势,42
沪,42
星期,41
东方,41
估计,40
早盘,40
新高,40
跳,40
满仓,39
T,39
爱心,38
表演,38
a,38
不到,37
亏,37
卖出,37
外资,37
集团,37
创新,36
滴汗,36
支撑,35
日线,35
周,35
背离,35
医药,34
出货,34
有人,34
暴跌,34
不错,34
两点,34
高点,34
不好,34
数据,34
进,33
几个,33
结束,33
股指,33
里,32
套,31
启动,31
路,31
小心,31
预测,31
炒,31
涨跌,31
指标,31
强势,31
一波,30
完,30
每日,30
周三,30
吃,30
懂,30
号,30
两天,30
看好,30
天,30
跌停,30
死,30
半年,30
晚上,30
本金,30
难,29
无量,29
位置,29
踩,29
永远,28
三个,28
明日,28
割,27
杀,27
不涨,27
人气,27
独立,27
贴,27
K,27
加仓,27
开,27
建议,27
厉害,26
长期,26
周期,26
请,26
筹码,26
盈亏,26
平开,26
能源,26
投票,25
京东,25
发起,25
5G,25
近期,25
周二,25
未来,25
看空,25
成,25
复盘,25
表现,25
行业,24
肯定,24
多头,24
终于,24
神机,24
接盘,24
越,24
横盘,24
暴涨,24
做空,24
上攻,24
喜欢,23
省广,23
早上,23
情况,23
退市,23
多娇,23
位,23
每次,23
开高,23
套路,22
站上,22
大神,22
上周五,22
收,22
向下,22
空头,22
今晚,22
冲击,22
策略,22
远离,22
持股,22
股民,22
历史,22
白酒,22
仓,22
顶部,21
大侠,21
上行,21
百分,21
实盘,21
这是,21
买进,21
拉高,21
总,21
石林,21
方向,21
追,21
只能,21
快点,21
一年,21
观望,21
选择,21
亏了,21
逼,21
节奏,21
小幅,21
周四,20
献花,20
石油,20
京东方,20
海南,20
财富,20
2020.6,20
流入,20
收益,20
持仓,20
休息,20
顶背离,20
净资产,20
2800,20
高开高,20
反正,20
观点,20
买点,20
追高,20
高手,20
分化,19
干,19
护盘,19
欧美,19
侠客,19
深,19
2930,19
板,19
题材,18
不补,18
撤退,18
运行,18
不动,18
上方,18
大侠客,18
预期,18
全是,18
跌下来,18
不多,18
黄金,18
看多,18
阳线,18
告诉,18
股海,18
别装,18
财力,18
空,18
下半,18
踏空,18
肉,18
医疗,18
十万,18
权重,18
百分之,17
不行,17
自选,17
回补,17
顶住,17
搞,17
变盘,17
控制,17
大部,17
周线,17
军工,17
受,17
图,17
大阳,17
不住,17
稳,16
洗盘,16
底,16
天下,16
怒,16
十,16
信心,16
2600,16
减持,16
适合,16
抛,16
2700,16
竞价,16
准时,16
大部分,16
三天,16
少,16
上车,16
阶段,16
忽悠,16
股东,16
发,16
获利,16
样子,16
2850,16
空间,16
一周,16
模式,16
下半年,16
推荐,16
一把,15
V,15
接下,15
简单,15
被套,15
翻红,15
新能源,15
回本,15
到位,15
一半,15
人生,15
最低,15
走出,15
差,15
看着,15
月底,15
市值,15
十年,15
俏皮,15
成功,15
均线,15
跌成,15
交易日,15
加,15
带动,15
危险,14
不用,14
级别,14
下周一,14
整体,14
越来,14
手,14
外盘,14
分红,14
拜神,14
情绪,14
进场,14
中午,14
ST,14
翻身,14
留,14
我大,14
慢慢,14
三十,14
杀跌,14
下行,14
动,14
烂烂,14
红盘,14
信息,14
越来越,14
低吸,14
昨晚,14
生物,14
不知,14
熟悉,14
300,14
一个月,13
阴线,13
住,13
坐等,13
区域,13
行,13
离场,13
围观,13
装,13
困惑,13
日子,13
恶心,13
完美,13
创,13
谨慎,13
没人,13
一只,13
狗,13
反,13
止损,13
股友,13
站稳,13
假,13
赢,13
未,13
找,13
账户,13
撤,12
爱,12
日记,12
发财,12
笑,12
回来,12
幅度,12
长城,12
绿油油,12
一种,12
两,12
超过,12
前期,12
错过,12
成长,12
阻力,12
事,12
习惯,12
请问,12
层,12
好看,12
大牛市,12
牛股,12
快快,12
逻辑,12
挺,12
预计,12
味道,12
唱空,12
两市,12
依旧,12
市,12
观察,12
洗,12
变,12
六月,12
熊市,12
一批,12
流出,12
非农,12
地摊,12
小散,12
写,12
段时间,12
4000,12
轻仓,12
一帖,12
发帖,12
接近,12
不信,12
太多,12
早,12
跌幅,12
生活,12
油油,12
不出,11
暴风,11
2646,11
浪,11
2956,11
利空,11
弱,11
一路,11
恭喜,11
神奇,11
全线,11
五年,11
哈哈哈哈,11
套人,11
提前,11
求,11
集合竞价,11
大盘走势,11
亏大,11
恐慌,11
全天,11
跌跌,11
更新,11
多年,11
原因,11
点评,11
控股,11
速度,11
集合,11
开心,11
布局,11
好久,11
黑色,11
分享,11
旅游,11
5000,11
农业,11
放,11
一段,11
话,11
建仓,11
看不懂,11
起飞,11
好事,11
输,11
基本面,11
爆发,11
买买,11
收割,11
一根,11
兄弟,11
倍,11
回到,10
长,10
自选股,10
为啥,10
当日,10
犹豫,10
国际,10
比赛,10
割肉,10
收评,10
1000,10
格局,10
看盘,10
低点,10
出逃,10
哪位,10
头部,10
疯狂,10
意外,10
改变,10
大盘股,10
警惕,10
加速,10
翻,10
帖子,10
短,10
确实,10
亏钱,10
光刻,10
意义,10
需,10
主升浪,10
提醒,10
计划,10
地产,10
听,10
公告,10
年底,10
吹,10
理由,10
数字,10
本轮,10
摸,10
小涨,10
波段,10
存量,10
健康,10
2968,9
稳住,9
不来,9
200,9
•,9
第一次,9
点半,9
反转,9
五日,9
语,9
面,9
挣钱,9
千万别,9
窗口,9
强,9
纳斯达克,9
阴跌,9
好多,9
重点,9
坑,9
整理,9
会涨,9
低位,9
星期一,9
药业,9
飞,9
疯,9
一段时间,9
达克,9
回头,9
倒,9
一贴,9
十大,9
远,9
有个,9
大佬,9
幻想,9
中期,9
蓝筹股,9
跟着,9
综合,9
支撑位,9
大师,9
一地,9
打压,9
说话,9
万泰,9
后市,9
毛病,9
处于,9
块,9
十倍,9
这波,9
东西,9
蓄势,9
来临,9
超级,9
胜,9
内资,9
造假,9
干嘛,9
毛估,9
振荡,9
记住,9
十几,9
2920,9
套牢,9
心理,9
抓住,9
见证,9
事情,9
困顿,9
空高开,9
酒,9
补完,9
带头,9
点点,9
抖音,9
进攻,9
相关,9
光电,9
报收,9
精选,9
分时,9
努力,9
逃命,9
看不到,9
十字,9
小盘,9
有望,9
季度,9
引领,9
奔,9
明,9
摊手,9
聪明,9
黑,9
参与,8
有意,8
做好,8
老套,8
值得,8
磨磨,8
太难,8
2970,8
国企,8
收绿,8
看样,8
正式,8
老套路,8
一百,8
吃饭,8
鸡毛,8
午盘,8
估估,8
关系,8
劵,8
头,8
手里,8
异动,8
漂亮,8
已到,8
游资,8
新手,8
不服,8
不想,8
刚刚,8
帮,8
感谢,8
屎,8
提问,8
好意,8
航空,8
跌停板,8
不买,8
粤,8
坚定,8
换,8
这周,8
期,8
弱势,8
名,8
掩护,8
起点,8
必有,8
交流,8
下方,8
哥,8
抱团,8
早评,8
冲破,8
顺势,8
大集,8
好好,8
手中,8
抢,8
波动,8
好想你,8
品种,8
心态,8
影视,8
抄,8
午后,8
游戏,8
狐狸,8
时代,8
重,8
字,8
风雨,8
成仓,8
贵州,8
多空,8
好意思,8
癌股,8
3100,8
图形,8
空单,8
减,8
站岗,8
毛估估,8
掉,8
绝大,8
惨,8
一日,8
Emily,8
产品,8
三十万,8
沪市,8
延续,8
很大,8
管住,8
时刻,8
累,8
至少,8
明白,8
学习,8
中线,8
有限,8
2937,7
力度,7
期待,7
下探,7
越涨,7
区间,7
深圳,7
玩意,7
咯,7
全绿,7
配方,7
到来,7
想到,7
不容,7
盘整,7
点赞,7
迹象,7
第三,7
散,7
水电,7
有意思,7
投机,7
700,7
只涨,7
核心,7
环境,7
没量,7
纳指,7
全仓,7
月线,7
不出意外,7
k,7
抓紧,7
共振,7
配合,7
回购,7
美的,7
有大,7
全,7
必跌,7
货币,7
绩优,7
暂时,7
新闻,7
股友们,7
本来,7
300418,7
上冲,7
重仓,7
应,7
商品,7
滴,7
拭目,7
喊,7
特别,7
显示,7
优秀,7
解释,7
贪,7
流动性,7
回撤,7
技术性,7
供销,7
大阳线,7
无聊,7
逼空,7
一句,7
站,7
金刚,7
这一波,7
微调,7
难受,7
五个,7
大癌,7
天上,7
同志,7
电力,7
永不,7
取消,7
三年,7
号票,7
中长,7
客户,7
净值,7
想着,7
中粮,7
华为,7
车,7
2944,7
做股票,7
拉稀,7
二个,7
6.9,7
难看,7
2934,7
标的,7
动作,7
2000,7
三只,7
二点,7
鸡肋,7
拉到,7
加大,7
电器,7
以待,7
一股,7
猜,7
流动,7
一件,7
思路,7
缺,7
大于,7
一线,7
不破,7
重组,7
不高,7
快速,7
越大,7
发布,7
电气,7
德指,7
要涨,7
中兴,6
中阳,6
v,6
急,6
20200609,6
随便,6
之路,6
艹,6
最多,6
中文,6
唱,6
互联,6
汇总,6
消化,6
涨起,6
领涨,6
梦若,6
连涨,6
龙虎榜,6
小牛,6
喝酒,6
稳健,6
长阴,6
再也,6
不跌,6
连板,6
痛快,6
爆,6
收红,6
不远,6
成本,6
吃面,6
定律,6
二天,6
通讯,6
焊牢,6
尾号,6
还好,6
频繁,6
原创,6
白马,6
拥有,6
一支,6
天气,6
动向,6
不拉,6
辈子,6
区,6
一万,6
120,6
服,6
盘后,6
迎来,6
记得,6
龙虎,6
截止,6
没补,6
房地产,6
1%,6
正,6
30%,6
操盘手,6
一看,6
收涨,6
发套,6
高科,6
谢谢,6
路过,6
完蛋,6
唧唧,6
要来,6
格力,6
强大,6
真不,6
回事,6
撑,6
庄,6
珍惜,6
蹭,6
再见,6
研发,6
3500,6
经历,6
亏得,6
他来,6
通道,6
制,6
002828,6
点数,6
抽,6
十字星,6
老实,6
崛起,6
哒,6
展望,6
稳心,6
猜猜,6
多久,6
担心,6
利用,6
房地,6
冲天,6
四天,6
冲锋,6
一日游,6
无力,6
挂,6
国家队,6
鸭,6
补上,6
权重股,6
预备,6
奇葩,6
量价背离,6
吐,6
国,6
关口,6
同步,6
百万,6
SH000001,6
舍得,6
折腾,6
送,6
涨回,6
6.8,6
计算,6
还会,6
装死,6
回归,6
不玩,6
小跌,6
贪婪,6
入场,6
够,6
失望,6
拭目以待,6
傻,6
信不信,6
面临,6
盛洋,6
将来,6
兴奋,6
流氓,6
长远,6
美好,6
上半,6
啊啊啊,6
闷,6
可惜,6
水平,6
第十,6
之外,6
骗,6
赔钱,6
没到,6
神,6
心情,6
止盈,6
没事,6
市净率,6
云南,6
业务,6
一点点,6
反包,6
微红,6
20%,6
t,6
本月,6
年报,6
撤离,6
四个,6
几百,6
后天,6
给力,6
装大湿,6
涨起来,6
回去,6
追涨,6
思考,6
凤凰,5
卖卖,5
几年,5
西安,5
统计,5
近日,5
一张,5
快来,5
金叉,5
深套,5
不好意思,5
特斯拉,5
资源,5
发行,5
无忧,5
错,5
魔咒,5
心,5
没涨,5
跌多涨少,5
卧槽,5
斯拉,5
真牛,5
贪心,5
争气,5
盘子,5
大势,5
上天,5
2890,5
要死,5
价位,5
老哥,5
新仓,5
强势股,5
教训,5
百点,5
贡献,5
小盘股,5
冲动,5
同兴达,5
磨,5
拉拉,5
翻绿,5
把握,5
吃药,5
不去,5
评论,5
老师,5
卫星,5
跑的快,5
坏,5
收复,5
绝望,5
山顶,5
2943,5
打开,5
性,5
明年,5
大单,5
想要,5
追逐,5
兴达,5
太弱,5
王,5
长阳,5
G,5
涨跌互现,5
巴菲,5
湖北,5
之下,5
十个,5
第一天,5
万回,5
绿色,5
高开冲,5
过程,5
冲过,5
回避,5
我要,5
经验,5
放弃,5
传媒,5
没钱,5
06.09,5
学会,5
德行,5
不觉,5
自然,5
受益,5
获利盘,5
研究,5
互联网,5
清,5
好像,5
见好就收,5
2980,5
好久没,5
六个,5
狂拉,5
报道,5
之道,5
慢牛,5
脸,5
水泥,5
轮动,5
看涨,5
几句,5
铜业,5
平安,5
微跌,5
怀疑,5
走高,5
多只,5
知识,5
想象,5
没赚,5
见到,5
太大,5
TCL,5
之上,5
玩吧,5
确认,5
不上不下,5
是从,5
生命,5
天大,5
守,5
电路,5
赚大,5
狼,5
涨得,5
一家,5
预判,5
发生,5
盘前,5
新低,5
三分,5
不改,5
挣,5
跌得,5
千多,5
埋,5
净流入,5
跌惨,5
活跃,5
可怕,5
鬼,5
指标股,5
牛气,5
日收评,5
常态,5
版,5
天花,5
入手,5
讲,5
二十,5
6.10,5
唯一,5
线图,5
第一波,5
背,5
久盘,5
各股,5
冲上,5
失败,5
运气,5
基础,5
达,5
40%,5
一涨,5
潜力,5
额,5
控盘,5
股神,5
当天,5
早安,5
2932,5
财务,5
买股,5
特斯,5
醒醒,5
投,5
钢铁股,5
威武,5
要大涨,5
酱油,5
反复,5
没什么,5
出局,5
2%,5
同兴,5
啥时候,5
千股,5
七个,5
上半年,5
跑跑,5
酒鬼,5
天花板,5
牛来,5
寻找,5
A50,5
欧股,5
每股,5
万回本,5
小幅度,5
开发,5
一倍,5
涨时,5
震,5
20200610,5
百日,5
光刻胶,5
跑步,5
梦,5
派,5
手上,5
2940,5
下车,5
白线,5
礼拜,5
恢复,5
博弈,5
依然,5
票子,5
巴菲特,5
打板,5
佳云,5
必上,5
实实,5
经营,5
组合,5
中兴通讯,5
榜,5
动力,5
攻,5
家数,5
不让,5
放心,5
乱,5
系列,5
市盈率,5
早就,5
老板,5
景津,5
菲特,5
联网,5
时空,5
一分,5
关,5
滞涨,5
集成,5
害怕,5
黄线,5
飞机,5
七月,5
中信证券,5
赔,5
张,5
无奈,5
凉凉,5
几点,5
之二,5
广,5
五天,5
点多,4
悬念,4
压制,4
特,4
0.12,4
光刻机,4
乏力,4
剩下,4
破位,4
微电子,4
多单,4
认同,4
摆地摊,4
黄斌汉,4
上周四,4
糖业,4
理性,4
二季,4
选,4
背景,4
弄,4
变化,4
十二,4
棍,4
条件,4
剧情,4
中银,4
受阻,4
理论,4
逃,4
怎么回事,4
文化,4
氢,4
虽少,4
指教,4
今天下午,4
总资产,4
别撑,4
盼,4
愿,4
逢高卖出,4
身边,4
验证,4
多方,4
医疗器械,4
砖家,4
666,4
什,4
面对,4
中科,4
2.30,4
看戏,4
两年,4
编制,4
何时能,4
一两,4
惯性,4
一个点,4
值,4
腿,4
云南铜业,4
苹果,4
蓝色,4
腾飞,4
成立,4
喷,4
不死不活,4
阴,4
世纪,4
私募,4
走法,4
作用,4
3050,4
x,4
昨夜,4
末端,4
昨天晚上,4
传统,4
啤酒,4
电信,4
道琼斯,4
百分百,4
碾压,4
没错,4
整天,4
普跌,4
点有,4
高开底,4
午评,4
明明,4
妙,4
午前,4
多月,4
一群,4
大波,4
张江,4
一是,4
道理,4
涨到,4
入,4
太高,4
社保,4
设备,4
鼠年,4
恒瑞,4
要冲,4
涨不动,4
画,4
新赛,4
百年,4
离开,4
改革,4
爱尔,4
现,4
一共,4
琢磨,4
一切都是,4
慌,4
退潮,4
控,4
篇,4
光标,4
....,4
000883,4
筑,4
科达,4
原地,4
星期六,4
成电,4
大限,4
此轮,4
烈日,4
最低点,4
直播,4
能量,4
跌下去,4
牛牛,4
2960,4
M,4
药,4
自贸区,4
2922,4
星期四,4
口气,4
商,4
导致,4
谨防,4
精准,4
成果,4
最佳,4
上演,4
周压,4
千亿,4
2855,4
来个,4
不看,4
跌到,4
不进,4
器械,4
卷商,4
你好,4
打卡,4
跌时,4
最少,4
争夺,4
偏,4
便宜,4
赌,4
做顶,4
主板,4
睡觉,4
股大涨,4
建,4
三遍,4
科创,4
说好,4
鸡狗,4
始终,4
普涨,4
声明,4
数年,4
看法,4
害人,4
解套,4
平衡,4
创维,4
数量,4
高价,4
玩意儿,4
妖,4
精密,4
网红,4
风格,4
半个,4
2500,4
港股,4
转换,4
三四,4
牙,4
收阳,4
利率,4
最高点,4
锁仓,4
金丹,4
2938,4
星期五,4
上扬,4
蹦,4
五十,4
章鱼,4
老老,4
W,4
媒体,4
梳理,4
行业龙头,4
尿性,4
轴,4
骂,4
双塔,4
碰,4
场外,4
缩水,4
弯路,4
坚信,4
实在,4
沉浮,4
展开,4
股灾,4
六十,4
拿下,4
收益率,4
三维,4
耍流氓,4
洪涛,4
份,4
呲,4
准,4
个人观点,4
发贴,4
不见,4
毛,4
2830,4
早晨,4
夏天,4
琼斯,4
消,4
焊死,4
金,4
财经,4
年线,4
上交,4
派发,4
到时候,4
星期二,4
名字,4
即将来临,4
现金,4
一笔,4
接,4
转折,4
期指,4
人性,4
冲冲,4
吐血,4
没用,4
st,4
搅,4
算是,4
赵,4
一生,4
绝大多数,4
好日子,4
完毕,4
一个亿,4
房,4
玩玩,4
太累,4
后期,4
黎明,4
现象,4
销户,4
饮食,4
刀,4
追进,4
财富网,4
净,4
艺术,4
第一个,4
很快,4
心中,4
五月,4
苦,4
格力电器,4
态势,4
往上,4
热,4
补涨,4
看清,4
鸡,4
大顶,4
疲软,4
压,4
阴棒,4
面板,4
收到,4
现价,4
再创,4
气死,4
太久,4
上交所,4
价,4
平,4
货,4
剩余,4
剔除,4
来回,4
大北,4
股跌,4
回顾,4
知名,4
股票市场,4
玩儿,4
变绿,4
集成电路,4
无视,4
眼科,4
较强,4
咨询,4
6.5,4
年前,4
有钱,4
精,4
悬,4
不停,4
挑战,4
退出,4
狠,4
十几个,4
态度,4
静静,4
文章,4
忘记,4
磨叽,4
拐点,4
缺必补,4
白色,4
强轨,4
皆,4
稳稳,4
深市,4
联合,4
想涨,4
也许,4
全世界,4
头条,4
赌徒,4
股通,4
踏步,4
暴风雨,4
本事,4
无关,4
看少动,4
抛出,4
必补,4
缺钱,4
指望,4
神马,4
强攻,4
太少,4
增加,4
记录时间,4
南,4
股要,4
狂欢,4
没戏,4
中长期,4
心得,4
山,4
调,4
就行,4
两种,4
发大财,4
理想,4
模拟,4
防御,4
白马股,4
帮忙,4
绩优股,4
好玩,4
洗洗,4
涨少,4
每周,4
侠,4
第二天,4
论坛,4
熊,4
需求,4
拉斯,4
浮盈,3
惊,3
日到,3
强于,3
大唐电信,3
多家,3
捡,3
主题,3
十三,3
港,3
沉默,3
杠杠,3
王府井,3
消息面,3
华西,3
硬撑,3
王道,3
中大,3
窜,3
溜,3
可爱,3
万马,3
两次,3
乌龙,3
无大,3
杠杆,3
起跳,3
四大,3
一辈子,3
难以,3
补仓,3
横着,3
个头,3
250,3
泡沫,3
几次,3
海洋,3
已建底,3
网络,3
不死,3
蓝,3
雨天,3
清晰,3
专,3
五粮液,3
意味着,3
走来,3
三利,3
空拉,3
子,3
成份,3
为证,3
藏药,3
阴阳,3
买涨,3
期间,3
交易者,3
飘红,3
供应,3
后续,3
彩虹,3
道路,3
伙伴,3
触及,3
生,3
东海,3
全部都是,3
兑现,3
专业,3
十米,3
总亏,3
冠军,3
大道,3
2852,3
稳步,3
KDJ,3
美国股市,3
解盘,3
自娱,3
二千,3
扭捏,3
浪费,3
劲胜,3
扩容,3
细品,3
浙江,3
制度,3
实,3
分批,3
萎缩,3
率先,3
利税,3
投入,3
高台,3
试探,3
杂谈,3
玫瑰,3
北斗,3
吓死,3
微绿红,3
中央,3
退,3
已现,3
太好,3
故事,3
指南,3
打脸,3
天线,3
内外,3
涨回去,3
保护,3
指点,3
有空,3
爬,3
OLED,3
研报,3
不该,3
妥妥,3
关键点,3
后腿,3
期货市场,3
推迟,3
长春,3
懂得,3
生存,3
深证,3
留言,3
场内,3
疫苗,3
能红,3
复利,3
之星,3
大市,3
建材,3
人寿,3
平平,3
见底,3
地板,3
火爆,3
铁顶,3
办法,3
坐,3
全红,3
象,3
本质,3
金融股,3
此生,3
感恩,3
增量,3
择机,3
到达,3
系统,3
自乐,3
变动,3
趋,3
手续,3
恐惧,3
算法,3
基站,3
食品饮料,3
7000,3
老股,3
四只,3
屏幕,3
起步,3
卖点,3
题材股,3
SH601696,3
金科,3
激光,3
成就,3
犊子,3
该股,3
走低,3
海外,3
扭扭,3
之际,3
不争,3
大道至简,3
欢喜,3
留下,3
猴急,3
一口,3
挨,3
艰难,3
焊,3
喝,3
渣,3
贷款,3
问君,3
123,3
猎鹰,3
外汇,3
大小,3
蜗牛,3
财,3
2915,3
师傅,3
算了,3
韧性,3
稳中,3
海选,3
切记,3
西藏,3
过后,3
高潮,3
2957,3
不堪,3
6.1,3
资,3
成份股,3
低迷,3
千军万马,3
挺住,3
太差,3
特征,3
低调,3
亏本,3
热度,3
场,3
收阴,3
量价,3
大牛股,3
急跌,3
六点,3
创出,3
左,3
电视,3
克拉斯,3
除权,3
前所,3
典型,3
从来不,3
体会,3
小票,3
战法,3
规划,3
计算机,3
自娱自乐,3
庄主,3
总算,3
1500,3
吸引,3
卡,3
申购,3
不休,3
东财,3
靠近,3
水,3
增,3
哥们,3
出息,3
起不来,3
铁定,3
冲锋号,3
点时,3
不开,3
银狐,3
自主,3
诚邦,3
所有人,3
晃悠,3
万事,3
颜色,3
上周末,3
悠悠,3
澄星,3
5178,3
规则,3
阳,3
煤炭,3
两周,3
领先,3
猛,3
墙,3
炒股票,3
冲顶,3
聪明人,3
无边,3
XD,3
西藏药业,3
就业,3
2200,3
真不知道,3
小伙,3
绿盘,3
提,3
20200608,3
直奔,3
技术指标,3
6000,3
外,3
假摔,3
一个多,3
聚集,3
能涨,3
直线,3
晶方,3
月初,3
怕怕,3
求解,3
千军,3
成交额,3
方新侠,3
姚记,3
超短,3
再涨,3
谱,3
营收,3
名医,3
好处,3
咋们,3
出手,3
抛压,3
僵尸,3
空炮,3
江山,3
百多,3
幸福,3
看点,3
高地,3
关闭,3
一二,3
油,3
俱备,3
一字板,3
时期,3
静待,3
早点,3
南方,3
待涨,3
大哥,3
万事俱备,3
高铁,3
进军,3
威奥,3
报,3
主,3
分时图,3
呼吸,3
大忌,3
叨叨,3
奇迹,3
涨涨,3
尝试,3
股评,3
小股,3
浩瀚,3
终,3
降低,3
创指,3
已成,3
坑人,3
惟有,3
忽略,3
一会,3
没破,3
恒瑞医药,3
安排,3
忙,3
意味,3
多半,3
万块,3
奶奶,3
有限公司,3
品,3
五穷六绝,3
惊天,3
突发,3
补不上,3
阻力位,3
BB,3
明人,3
套套,3
光学,3
转空,3
几十,3
缩,3
此股,3
002988,3
横,3
三大唱空,3
高于,3
可笑,3
不发力,3
指日,3
大面,3
全跌,3
低于,3
持,3
遇阻,3
纠结,3
降临,3
大唐,3
来到,3
借鉴,3
宁德,3
经典,3
今明,3
意淫,3
地球,3
岩石,3
偷偷,3
哥哥,3
一辈,3
自我,3
借壳,3
抱,3
300339,3
大牛,3
任性,3
高价股,3
半山,3
002060,3
迷失,3
通通,3
色,3
仅供,3
持续性,3
真会,3
2935,3
半夜,3
供应商,3
接受,3
修正,3
二季度,3
无语,3
高高,3
旗帜,3
永泰,3
胆大,3
宿命,3
不及,3
疾风,3
死气沉沉,3
熬,3
该涨,3
充足,3
穿,3
重重,3
专注,3
效果,3
更惨,3
金额,3
洗出,3
怂,3
有缘,3
冲刺,3
郁闷,3
答案,3
自信,3
大北农,3
兴趣,3
压着,3
装模作样,3
感,3
零售,3
猛如虎,3
该来,3
小康,3
浮亏,3
午间,3
双头,3
冷链,3
晚间,3
可怜,3
扭扭捏捏,3
星星,3
增持,3
发帖子,3
傻瓜,3
8.5,3
闪,3
不小,3
误差,3
之内,3
买券伤,3
老股民,3
跟上,3
子公司,3
反杀,3
救救,3
后悔,3
除息,3
尊重,3
伊利,3
空方,3
老铁,3
一条,3
别想,3
高台跳水,3
很难,3
十一,3
证监,3
二级,3
题目,3
更大,3
一早,3
临近,3
运动,3
不争气,3
大幅度,3
欣赏,3
今天上午,3
众人,3
一个多月,3
功能,3
假阳,3
轻松,3
涨跌幅,3
上角,3
硬核,3
阳光,3
阿里,3
四季,3
图表,3
追进去,3
八月,3
供参考,3
献,3
醒来,3
B,3
0609,3
大底,3
三季,3
新人,3
几率,3
0608,3
佯攻,3
干什么,3
粉丝,3
再来,3
收工,3
夜,3
万科,3
你品,3
东,3
习惯性,3
空中,3
沉沉,3
时光,3
单次,3
联社,3
3200,3
4500,3
见识,3
语言,3
安全感,3
百分之二,3
犯,3
想想,3
实施,3
死叉,3
饮料,3
挖掘,3
省,3
一身,3
几家,3
精确,3
寻常,3
土地,3
S,3
新海,3
解期,3
撑不住,3
2951,3
趴着,3
买过,3
半天,3
不卖,3
新开,3
应对,3
中大阳,3
听说,3
主动,3
城市,3
认知,3
算机,3
化,3
老美,3
跟进,3
用电,3
发出,3
序列,3
兆易,3
明星,3
留恋,3
爆拉,3
意,3
合适,3
中旬,3
2.5,3
吖,3
区别,3
势头,3
不上,3
事实,3
2440,3
名医药,3
一碗,3
仅供参考,3
平常,3
没法,3
解禁,3
寂寞,3
0.5,3
封板,3
犬商,3
绝大部分,3
2820,3
地天板,3
事件,3
旧,3
家伙,3
回档,3
微低,3
误区,3
中长线,3
补补,3
委托,3
潜伏,3
跌进,3
王府,3
多天,3
一大,3
欧派,3
可期,3
提供,3
一入,3
囧,3
亏死,3
字号,3
领,3
通信,3
平均,3
能力,3
通,3
防务,3
大跳水,3
安静,3
催,3
挖坑,3
尝,3
克拉,3
无所,3
擎天,3
中签,3
貌似,3
司太立,3
挣扎,3
新冠,3
准确,3
深刻,3
种种,3
迎接,3
老牌,3
别看,3
米面,3
路上,3
整整,3
大海,3
光拉,3
看美股,3
我空仓,3
定时,3
老乡,3
轻,3
有戏,3
别问,3
副,3
提到,3
跌穿,3
cp,3
别演,3
迟迟,3
姿势,3
105,3
拐头,3
80%,3
魅力,3
落后,3
500,3
大关,3
康恩贝,3
鹏,3
意见,3
废话,2
正位,2
国字,2
排行,2
放下,2
前会,2
跪求,2
对劲,2
不易,2
科创板,2
雄起,2
282,2
过分,2
逃顶,2
福晶,2
北斗星,2
某股,2
余,2
吓死人,2
高度,2
拟,2
慢,2
大干,2
价格比,2
两分,2
大踏步,2
宣亚,2
探,2
连拉,2
绵绵,2
命里,2
降,2
五维,2
比不上,2
女,2
借着,2
老美跌,2
想过,2
4200,2
瞬间,2
摸摸,2
高歌,2
走弱,2
法,2
燃料,2
细细,2
实达,2
深不可测,2
千五,2
六只,2
止跌,2
中有,2
代码,2
签科,2
相比,2
大军,2
明摆,2
抛光,2
守住,2
74904,2
交割,2
卧龙,2
一高开,2
一冲,2
声音,2
如前,2
局部,2
全球股市,2
出力,2
t0,2
已然,2
连长,2
下子,2
钼业,2
罗欣,2
SZ,2
十几天,2
今夜,2
网友,2
迤逦,2
T1,2
今明两天,2
菜鸟,2
盯,2
逼近,2
看头,2
防范,2
水牛,2
主页,2
气体,2
征程,2
活埋,2
特色,2
日游,2
即时,2
大半,2
八个,2
自有,2
卖盘,2
猥琐,2
出不来,2
佩服,2
懒觉,2
万里,2
5GETF,2
关心,2
高高在上,2
日内,2
欢乐,2
灵,2
载满,2
极限,2
左侧,2
主流,2
大亏,2
脚底,2
狂跌,2
挫折,2
外地,2
酒业,2
周初,2
一到,2
2951.33,2
一口气,2
农产,2
难搞,2
周未,2
新清,2
盘口,2
精神,2
大妈,2
面看,2
上边,2
少亏,2
冰点,2
着急,2
米,2
兴国,2
越来越低,2
定价,2
司马懿,2
二周,2
连本带利,2
邮储,2
最长,2
版本,2
一套,2
失误,2
深成指,2
调仓,2
快乐,2
勇敢,2
大肉,2
完善,2
一添,2
燃料电池,2
矜持,2
失真,2
浮云,2
害人不浅,2
筹,2
趴下,2
可能性,2
红旗,2
有助于,2
面值,2
签后,2
罒,2
国内外,2
白皮,2
招,2
赛格,2
释放,2
走向,2
找到,2
枫间,2
水果,2
我会,2
etf159997,2
大好,2
炎炎,2
轧空,2
空涨,2
宣传部,2
对冲,2
稳当,2
主线,2
刷,2
每月,2
职业,2
永远都是,2
越来越近,2
右手,2
冲上去,2
下雨天,2
kdj,2
物业,2
房子,2
开底,2
伴随,2
刚者,2
马甲,2
无限,2
公开,2
果不其然,2
对称,2
追随,2
天山,2
一买,2
漂,2
纪律,2
包钢,2
西部,2
人脉,2
一天天,2
一摸,2
一下子,2
秘籍,2
具体表,2
饲渔,2
烂泥,2
签,2
葫芦娃,2
易折,2
难免,2
忍,2
600352,2
不亏,2
滚下,2
受此,2
烈日当空,2
吸,2
公共,2
命,2
末段,2
下半场,2
有时候,2
建立,2
没脸,2
日盘,2
二三,2
日日,2
上柴,2
5.19,2
再创新高,2
高峰,2
疯牛,2
百个,2
载满了,2
三周,2
一手,2
越秀,2
扶摇,2
70%,2
6.3,2
至柔,2
又创新高,2
承压,2
必看,2
初期,2
一重,2
死水,2
型,2
胆,2
果断,2
yy,2
万年,2
三月,2
半死不活,2
住手,2
氛围,2
耍,2
进凯,2
恶,2
明后,2
正确率,2
顶顶,2
50%,2
累计,2
及前,2
绞肉机,2
试探性,2
打天下,2
转移,2
十元,2
百分之八十,2
逆势,2
处,2
远航,2
金控,2
群里,2
时顶,2
剑客,2
大东海,2
畏畏缩缩,2
意愿,2
危机,2
私企,2
虚拟,2
博瑞,2
渐渐,2
利,2
像是,2
信任,2
2945,2
2820.6,2
打下,2
拼命,2
陪,2
没卖,2
单边,2
3288,2
原地踏步,2
上破,2
一天到晚,2
闲着,2
全靠,2
日常,2
词,2
共舞,2
短短,2
实体,2
神鸡,2
擦,2
综上,2
到明,2
中鼎,2
大洋,2
很差,2
002109,2
广告,2
三分之二,2
爆亏,2
送股,2
引发,2
懒得,2
增发,2
广博,2
大霄,2
静悄悄,2
犹如,2
放出,2
无人,2
网页,2
说服,2
电工,2
一辆,2
李大霄,2
大东,2
百联,2
笔笔,2
到手,2
倒计时,2
走上,2
金钰,2
600688,2
吹牛,2
幸亏,2
眼前,2
轿子,2
星期三,2
冷静,2
附合,2
质地,2
留给,2
所说,2
剩,2
巅峰,2
长电,2
轮流,2
目前为止,2
八家,2
没想到,2
以往,2
75276,2
牢记,2
一点半,2
强拉,2
没想,2
没跌,2
意料,2
快慢,2
少量,2
补充,2
转入,2
仙人,2
同行,2
较大,2
均势,2
儿童,2
打算,2
串阴,2
百分之一,2
半仓,2
和平,2
看重,2
坚定不移,2
拖累,2
在家,2
跌出,2
一举,2
新股申购,2
市梦率,2
一部,2
稳扎,2
草,2
笑话,2
典范,2
微微,2
激情,2
无味,2
全套,2
八十,2
挂单,2
冒充,2
悲,2
价托,2
清空,2
并未,2
借助,2
学问,2
便秘,2
钱要,2
面上,2
动能,2
干到,2
风,2
资金面,2
问问,2
睡,2
一顿,2
摆正位置,2
扭亏,2
观者,2
如图,2
抓紧时间,2
农作,2
半山腰,2
多个,2
浪主,2
补掉,2
快到,2
调下,2
胆小,2
不妙,2
金发,2
智力,2
一门,2
捉妖,2
无数,2
提出,2
作物,2
小阳,2
势必,2
飙升,2
这辈子,2
销声匿迹,2
不香,2
科,2
启,2
看跌,2
硅谷,2
余额,2
万变,2
具体表现,2
亏掉,2
装修,2
汇集,2
死点,2
马,2
弱点,2
大长,2
放水,2
基,2
王者,2
对不起,2
帖,2
赚个,2
小板,2
问询,2
地点,2
不入,2
舒服,2
试试,2
兔,2
于色,2
力道,2
跳台,2
葫芦,2
含糊,2
技师,2
晚,2
反着,2
体验,2
IPO,2
127,2
见光死,2
摆正,2
至阴,2
钱太少,2
自救,2
只见,2
早判,2
泰禾,2
玩跌,2
必破,2
刷新,2
设计,2
06.11,2
符合,2
海容,2
惊喜,2
中级,2
区块,2
黄昏,2
6.09,2
技术型,2
稳是,2
恒顺,2
一塌糊涂,2
2990,2
科大,2
闭关,2
但涨,2
春天,2
司马,2
高出,2
晶晶,2
矿业,2
平快,2
互动,2
扛,2
第一件,2
万到,2
诱惑,2
金股,2
以静,2
拉不动,2
出错,2
合格,2
支票,2
已成定局,2
tm,2
病,2
见解,2
外加,2
结,2
迂回前进,2
微涨,2
3.12,2
钢镚侠,2
倒逼,2
加码,2
拉上去,2
打听,2
日讯,2
欲望,2
人数,2
愿赌服输,2
第五天,2
19.03,2
蔬菜水果,2
口袋,2
勿要,2
良心,2
导,2
一百万,2
兴化,2
半死,2
可想,2
无疑,2
工信部,2
百分之百,2
波导,2
没人接,2
坐稳,2
2909,2
和顺,2
导航,2
棒棒,2
股该,2
加点,2
尿尿流,2
静谧,2
买盘,2
103,2
吃饱,2
真不错,2
活力,2
必会,2
九万,2
所述,2
下星期,2
种子,2
2925,2
服输,2
修复,2
复制,2
远远,2
考验,2
股龄,2
站住,2
小罗,2
扯扯,2
看笑话,2
畏缩,2
保住,2
冻,2
保佑,2
主业,2
收获,2
看起,2
之中,2
弃之可惜,2
迎合,2
保守,2
回答,2
只想,2
拉扯,2
修整,2
枉然,2
勉强,2
反击,2
前为,2
分歧,2
敌人,2
越跌,2
口说,2
先跌,2
收割机,2
一堆,2
指及,2
走大,2
债务,2
抱紧,2
容许,2
起码,2
行者,2
短平快,2
五分钟,2
绞肉,2
检验,2
造势,2
跌倒,2
顽强,2
QF,2
您好,2
天理,2
参数,2
挣点,2
流血,2
SZ000810,2
别急,2
三次,2
趋同,2
困难,2
教育,2
要紧,2
能到,2
倒流,2
不容许,2
拿票,2
n,2
重要性,2
安,2
5800,2
可想而知,2
不谢,2
转牛,2
一流,2
跌势,2
波澜,2
002793,2
跳水队,2
光头,2
直尺,2
回家,2
国电,2
新进,2
688505,2
保证,2
庚子,2
可够,2
优化,2
知足,2
看透,2
方式,2
奶,2
不太,2
上个,2
外部,2
固定,2
体表,2
6G,2
有用,2
到期,2
虚涨,2
搜,2
2943.75,2
状况,2
农牧,2
拉锯,2
叉,2
趴窝,2
强烈建议,2
加多单,2
省广不倒,2
局面,2
通用,2
弦,2
高处,2
农作物,2
幺,2
机遇,2
一步之遥,2
身体,2
男人,2
内心,2
排除,2
大喊,2
纪录,2
笑语,2
如期而至,2
脑瓜,2
5g,2
看吧,2
年初,2
三分之一,2
回味,2
难过,2
高压,2
排队,2
鼓,2
豪美新材,2
套现,2
占优,2
太深,2
看齐,2
讯,2
热烈,2
不要脸,2
小商品,2
拉红,2
九洲,2
高标,2
第五,2
骗人,2
水务,2
涨上,2
之处,2
股权,2
证监会,2
持平,2
00281812,2
满满,2
出击,2
戏,2
禁止,2
没人进,2
缺跌,2
奥,2
苏州,2
止,2
仿佛,2
2957.12,2
没关系,2
香港,2
发了,2
匿迹,2
上好,2
信仰,2
出量,2
回首,2
少女,2
大吉,2
温州,2
延迟,2
数浪,2
火锅,2
突,2
右上角,2
智光,2
冲一冲,2
费劲,2
突突,2
100%,2
点儿,2
深度,2
手续费,2
妹,2
复苏,2
造,2
扯淡,2
鸟股,2
每到,2
叒,2
一鼓作气,2
彩票,2
尾声,2
ma5,2
想千股,2
两桶,2
西红柿,2
步伐,2
挺不错,2
突击,2
蛾子,2
只股,2
选出,2
一千,2
何在,2
季报,2
主做,2
超好,2
内部,2
宝宝,2
余生,2
菜,2
改进,2
拒绝,2
抬高,2
富祥,2
出货量,2
横久必,2
黑色星期,2
如前所说,2
雨露,2
京沪,2
一两分,2
点后,2
恒指,2
豪横,2
几千,2
宏观,2
贵,2
超人,2
丢,2
不加,2
白皮书,2
耗材,2
插上,2
国电电力,2
攻上,2
缘何,2
郭晶晶,2
佰仁,2
期望,2
133,2
韭,2
已过,2
节能,2
不成钢,2
得以,2
弥陀,2
淘宝,2
惊弓,2
单根,2
挺进,2
收在,2
银鸽,2
营销,2
冲进,2
腰斩,2
阵营,2
一刻,2
走势图,2
季节,2
冷水,2
票价,2
抛售,2
投机者,2
祝贺,2
五分,2
公司公告,2
旗面,2
加配,2
友情,2
有助,2
九万里,2
电影,2
索金,2
0.24%,2
红筹,2
老鼠,2
b,2
南湖,2
六千,2
无论如何,2
杉杉,2
稳扎稳打,2
链,2
0.5%,2
用钱,2
八千,2
炸板,2
恨铁不成钢,2
十日,2
浪来,2
中华,2
专列,2
供不应求,2
气死我了,2
外面,2
协鑫,2
流星,2
博士,2
迎驾,2
大爷,2
把戏,2
减轻,2
抗,2
直冲,2
后果,2
国字号,2
尚可,2
ST4,2
中位,2
国新办,2
独特,2
河山,2
呆,2
辛苦,2
小吃,2
奋斗,2
缘,2
醉,2
国六有,2
流转,2
几多,2
高考,2
领头,2
央行,2
阿弥陀佛,2
续命,2
一连,2
拖,2
围观者,2
糊涂,2
距离,2
宇瞳,2
没关,2
因赛,2
爆涨,2
返照,2
肉蛋,2
恨,2
没见,2
瞧一瞧,2
交易量,2
缺量,2
中央宣传部,2
大讲堂,2
刻意,2
龙蟠,2
看能,2
早已,2
21.91%,2
大片,2
悲喜,2
创收,2
战斗机,2
魔鬼,2
1694,2
早间,2
马哥,2
躺,2
制作,2
五丰,2
第三天,2
广发,2
缺乏,2
再现,2
我太难,2
下联,2
讲堂,2
出炉,2
商业,2
世上,2
气死我,2
大湿,2
华天,2
刚进,2
蔬菜,2
跌死,2
600,2
坚强,2
随缘,2
2907,2
看上,2
可喜,2
浙大,2
股票投资,2
工商,2
日期,2
2936,2
出其不意,2
徘徊,2
火,2
吻,2
劳资,2
红宝,2
动静,2
十次,2
老虎,2
擎天柱,2
74034,2
多大,2
大山,2
万个,2
山腰,2
碎片,2
早晚,2
捅,2
拜,2
1400,2
纵横,2
电机,2
留点,2
钝化,2
要死不活,2
警示,2
不意,2
报表,2
周年,2
历程,2
一圈,2
飘,2
快拉,2
复旦,2
拉涨,2
大资,2
吾,2
按钮,2
贵金属,2
超出,2
MACD,2
要务,2
按图,2
预防,2
资金流,2
演了,2
16300,2
新年,2
促,2
归来,2
粤泰,2
夯实,2
保卫战,2
服不服,2
异常,2
06.10,2
福耀,2
加多,2
代表性,2
多好,2
断头,2
43.83%,2
继,2
剑,2
台阶,2
天龙,2
七匹狼,2
卖掉,2
一动,2
新现,2
春节,2
非要,2
成钢,2
发射,2
往年,2
缩缩,2
观,2
上汽,2
002876,2
红红,2
立讯,2
开出,2
严,2
老张,2
资深,2
2942,2
土,2
炎热,2
交易规则,2
墨迹,2
大戏,2
首板,2
越深,2
拉拉扯扯,2
好点,2
称,2
一峰,2
转势,2
油价,2
补不补,2
2400,2
凑,2
哭泣,2
面目,2
早上好,2
优良,2
纸老虎,2
演变,2
7.5,2
助于,2
烟火,2
毕业,2
寒,2
规范,2
转向,2
明摆着,2
角形,2
整,2
一个套,2
轮流转,2
深调,2
极少,2
年内,2
下雨,2
满硕桃,2
J,2
收高,2
方法,2
作对,2
已来,2
火热,2
收不到,2
大崩,2
想起,2
表达,2
好比,2
抛弃,2
一般性,2
证明,2
当空,2
长性,2
极速,2
360,2
美少女,2
一周年,2
路线,2
惊弓之鸟,2
务实,2
证,2
真稳,2
海航,2
无需,2
跨越,2
下旬,2
三角形,2
赌博,2
大选,2
主营,2
看图,2
稀,2
肉机,2
公募,2
尴尬,2
硬,2
乐,2
动摇,2
终究,2
情,2
深深,2
之遥,2
目光,2
2923,2
金流,2
阿弥陀,2
2937.77,2
地狱,2
铺天盖地,2
标普,2
一度,2
反驳,2
大谈,2
脑瓜子,2
预,2
奇怪,2
做梦,2
扛不住,2
鱼尾,2
定局,2
拉后腿,2
服务,2
短促,2
再攻,2
紧张,2
英科,2
地位,2
机,2
对大,2
类似,2
悲观,2
差点,2
买不到,2
西韦,2
1200,2
左手,2
刚刚开始,2
将会,2
和量,2
制动,2
呈,2
没劲,2
告别,2
烂,2
走过,2
偏离,2
好不好,2
沙钢,2
核,2
GDP,2
特大,2
一千多,2
收盘价,2
先涨,2
尾市,2
调下来,2
383,2
一分钟,2
端,2
回光返照,2
出场,2
不说,2
多人,2
黄白,2
股本,2
做出,2
瓜子,2
疲态,2
海石,2
天堂,2
没人敢,2
从今天起,2
上万,2
深跌,2
上联,2
赶超,2
瓜批,2
二八,2
几万,2
收小阳,2
酒店,2
千里,2
掉下来,2
死翘翘,2
电驱,2
出头,2
巨,2
选股择,2
成长性,2
害,2
打爆,2
前低,2
企稳,2
瀑布,2
使劲,2
扶不上,2
不移,2
原理,2
微亏,2
设想,2
用心,2
量化,2
1691,2
可上,2
右上,2
测,2
任何人,2
多亿,2
二重,2
作,2
明朗,2
百多个,2
一如,2
爆跌,2
大行,2
不对劲,2
卫,2
卖空,2
摆,2
2750,2
纳,2
留意,2
不气,2
纵横天下,2
产业链,2
短空,2
规模,2
年头,2
钉子,2
断崖,2
买下,2
老子,2
技,2
操控,2
可转债,2
收敛,2
疼,2
保卫,2
半要,2
尬,2
不应,2
超人气,2
坚挺,2
憨,2
上场,2
一百多,2
善意,2
白天,2
买房子,2
文凭,2
跟随,2
方可,2
振静,2
不在话下,2
精彩,2
池,2
维护,2
＂,2
一名,2
滚下来,2
0.2%,2
招行,2
乾坤,2
抓住机会,2
中小板,2
打击,2
三种,2
天鹅,2
十九,2
空者,2
相,2
有点儿,2
摇摇欲坠,2
专题,2
大写,2
强生,2
黎明前,2
忍耐,2
大增,2
湖州,2
假阴,2
个人感觉,2
接触,2
赢利,2
作业,2
入套,2
红线,2
举手,2
推,2
创造,2
SZ002400,2
优,2
没卡,2
四季度,2
绩差股,2
5%,2
挑,2
登天,2
减少,2
戒躁,2
比较忙,2
下套,2
入门,2
洼地,2
好困,2
高处不胜,2
真阳,2
那句话,2
风向,2
开玩笑,2
起动,2
果实,2
仔细,2
深赛格,2
迂回,2
拉回,2
表,2
送给,2
雷科,2
计时,2
洪水,2
漫漫,2
上海石化,2
卷,2
惊天大,2
晕,2
雁鸣,2
凶,2
会绿,2
东方通信,2
TM,2
云,2
7.6,2
秒杀,2
欧,2
凡事,2
洗出去,2
切换,2
瑞德,2
早日,2
卖房,2
第四,2
恐高,2
2780,2
游击,2
明后天,2
解盘室,2
曲线,2
06.05,2
中枢,2
素质,2
提及,2
小妖,2
血,2
上年,2
三安,2
杀出,2
爽快,2
抗跌,2
飞快,2
怒涨,2
核心技术,2
贡酒,2
梭,2
集,2
了不起,2
庆幸,2
星,2
函,2
减半,2
坑里,2
更深,2
结尾,2
跑得快,2
看大,2
一块,2
怂货,2
禅声,2
化解,2
大叔,2
难于,2
城,2
盯盘,2
填权,2
手法,2
品牌,2
002909,2
预感,2
盛通,2
之窗,2
摇摇,2
决战,2
阶段性,2
闲聊,2
盘中盛,2
宣传,2
真尿性,2
Yuejia,2
工资,2
要脸,2
出山,2
发债,2
六万,2
港交所,2
国外,2
成名,2
华北,2
永,2
七匹,2
洛阳,2
截图,2
天威,2
油盐,2
头像,2
这才,2
团队,2
具备,2
提高,2
重磅,2
这支,2
上吊,2
得不到,2
皮书,2
水运,2
感想,2
夏,2
花,2
一夜,2
做头,2
汤,2
不靠,2
何人,2
华夏,2
伤,2
儿子,2
十七,2
扬,2
踏实,2
庄股,2
钓鱼,2
召集,2
吞,2
十亿,2
坎,2
八七,2
不接,2
产,2
1.36,2
玩笑,2
搜于,2
赢得,2
从今,2
三利谱,2
与众不同,2
879,2
窄幅,2
钉子户,2
必需,2
支,2
初步,2
一百多个,2
魔,2
体现,2
淡定,2
更待何时,2
万千,2
修行,2
往下,2
半周,2
特变,2
突起,2
交,2
油条,2
续费,2
天理不容,2
浪氓,2
天柱,2
好股,2
此类,2
3966,2
12820,2
立贴,2
几下,2
下限,2
拯救,2
小钱,2
出掉,2
承认,2
三万,2
缩短,2
梯队,2
今世,2
少年,2
翘翘,2
第二周,2
动弹,2
球,2
药企,2
605001,2
呈现,2
干得,2
行且,2
梭哈,2
割机,2
忒,2
002075,2
几家愁,2
减产,2
权,2
一场,2
红宝书,2
定住,2
媳妇,2
升,2
获取,2
相对来说,2
一部分,2
长牛,2
上当,2
指日可待,2
餐饮,2
第十七,2
现实,2
人员,2
P,2
蹲,2
少动,2
思,2
五十个,2
我服,2
一两个,2
好坏,2
形势,2
脱离,2
不好玩,2
扶摇直上,2
好缺,2
占,2
这量,2
阿科力,2
托,2
10w,2
段,2
十多,2
SZ00,2
醋,2
漲,2
本次,2
林,2
0.18,2
百股,2
国资,2
准准准,2
统统,2
更是,2
半场,2
上点,2
股好,2
小商,2
冲到,2
竭尽,2
鉴定,2
沒,2
欲,2
207888,2
命题,2
迷惑,2
快逃,2
官,2
创板,2
万实盘,2
波澜不惊,2
力挺,2
差劲,2
预设,2
3300,2
悄悄,2
倒计,2
没绿,2
撤出,2
坚守,2
果报,2
落地,2
77739,1
目,1
累眼,1
乐普,1
002217,1
一个个,1
银轮,1
名利,1
不高开,1
积分,1
知名度,1
战投,1
靠不住,1
很久,1
惨跌,1
中继,1
最狠,1
歇,1
涨过,1
先进,1
2805,1
紫光,1
张图,1
民为邦本,1
牛要,1
追高哈,1
太精,1
屯粮,1
卵,1
电梯,1
1300,1
越买,1
207011,1
常乐,1
虾壳,1
走弯路,1
高歌猛进,1
1681,1
傻眼,1
指定,1
广州市,1
厕所,1
市会,1
越撑,1
想都别想,1
卖飞,1
成绩单,1
走不动,1
攻不下,1
洗干,1
三点,1
23052,1
败者,1
震仓,1
硬气,1
开放,1
皮夹,1
跌宕,1
就行了,1
高股,1
洗船,1
学位,1
下雷科,1
盘头,1
牛不牛,1
冲进去,1
2650,1
开盘价,1
脸肿,1
三浪,1
借用,1
财务状况,1
搞活,1
较长,1
一大半,1
本想,1
不普涨,1
会高开,1
八道,1
爽,1
包上,1
兔兔,1
帐号,1
活路,1
2646.80,1
SH603109,1
基本知识,1
加剧,1
转跌,1
一签,1
小小的,1
无数次,1
洗筹中,1
受刺激,1
NMB,1
补贴,1
亏惨,1
为利,1
跌成翔,1
寡头,1
地为,1
最聚,1
半看,1
网络安全,1
比美,1
射击,1
bAYhhF,1
江恩,1
光胶,1
麦香,1
纷繁复杂,1
跟贴,1
胶,1
大票,1
中共,1
顿饭,1
力源,1
文采,1
伤害,1
连接线,1
多高,1
比差,1
看远,1
艳阳天,1
300398,1
惦记,1
暗号,1
底价,1
凳子,1
√,1
真佩,1
部件,1
牛态,1
佳佳,1
不算,1
霜旗,1
中到,1
晶面,1
下场,1
嗅到,1
等乐凯,1
一踏,1
防御性,1
抗一,1
千分之,1
内耍,1
妖精,1
第二只,1
百大,1
601512,1
000557,1
样,1
路人,1
上涨幅度,1
重现,1
胯,1
求用,1
20200606,1
英洛华,1
自行,1
清点,1
格拉斯,1
值得纪念,1
冲关,1
最多涨,1
撒里,1
002107,1
血亏,1
制约,1
大买,1
只作,1
胡说,1
ETF15999,1
戈壁,1
天有,1
发下,1
一有,1
没写,1
五菱,1
量平,1
通俗,1
一阴,1
庄托,1
阔别,1
Emily8.5,1
点前,1
不曾有过,1
友友,1
20200529,1
万至,1
鸟鸣,1
偷偷摸摸,1
球团,1
抛股,1
两会,1
日报,1
珍重,1
根源,1
尽显,1
任重道远,1
周会,1
接过,1
利索,1
年度,1
达成,1
变坏,1
18.72,1
晨曦,1
拉下水,1
打破,1
冰塞交,1
古龙,1
客请,1
峰尖,1
这帮,1
默契,1
无厘头,1
坚持到底,1
跟风盘,1
开幕,1
键盘,1
诉讼,1
快过,1
华,1
603520,1
三五,1
这樽大,1
效益,1
求教,1
子弹,1
自古,1
让位,1
249,1
宠爱,1
第一点,1
延长,1
方案,1
后仰,1
热闹,1
自然而然,1
无意,1
低多,1
欢欣鼓舞,1
百分之七十,1
套住,1
均值,1
股池,1
丰厚,1
鸡王,1
间,1
无亏,1
证券市场,1
入坑,1
1900,1
轮回,1
300325,1
股不涨,1
被遗弃,1
咋天,1
1714,1
大校,1
信用,1
搞笑,1
2917,1
此刻,1
先知,1
好几千,1
10.11,1
立帖,1
一丁,1
韩,1
我想,1
早读,1
三连板,1
先行,1
祝你平安,1
国情,1
火车,1
心电图,1
爹成,1
象样,1
气急,1
攻击,1
399,1
增取,1
酱香型,1
十二分,1
空中楼阁,1
boll,1
正好,1
乌龟,1
24965,1
中个,1
报个,1
谋定,1
捂,1
盐,1
换算,1
休息时间,1
许个,1
好票,1
∪,1
横扫,1
低拉,1
嘿嘿嘿,1
斗智,1
成熟,1
体重,1
佳云佳云,1
智云,1
座谈,1
小爱,1
一晃,1
精工,1
trash,1
本是,1
捣蛋鬼,1
擒,1
之家,1
678,1
002623,1
企,1
助跌,1
封,1
外企,1
深渊,1
杀省,1
夺回来,1
拉锯战,1
入货,1
输钱,1
人买,1
炮哥,1
实时,1
普遍认为,1
会维,1
二十多年,1
合同,1
给予,1
进金田,1
欲来,1
下会,1
带坏,1
感悟,1
缺点,1
方金钰,1
不躁,1
愉快,1
指创,1
发行价,1
悬着,1
尾篇,1
求求,1
1w,1
高通,1
衡量,1
超前,1
自豪,1
炼铁,1
小伙伴,1
SH60,1
9875,1
人士,1
实践,1
重机,1
再减,1
吃错,1
老铁们,1
7050,1
交易所,1
农林牧渔,1
两样,1
1424,1
最善,1
会照,1
欠,1
新农,1
全流通,1
辩论,1
钱存,1
443,1
听听,1
仓空单,1
家庭,1
东北,1
打扑,1
皮质,1
摸爬滚打,1
囊中,1
绝迹,1
边拉边,1
泻药,1
人间烟火,1
小弟,1
混改,1
238,1
别着急,1
监测,1
关键在于,1
丢掉,1
垃圾场,1
发晚,1
2852.35,1
组,1
开啟,1
破净,1
矮,1
熊猫,1
石油化工,1
免费,1
二股,1
割比,1
抵达,1
点击,1
狗血,1
磨一,1
猪,1
万股,1
碳化硅,1
纸质,1
世界之最,1
人造,1
临时,1
公开市场,1
要广,1
带不动,1
拉起,1
查询,1
开大,1
底位,1
时段,1
水池,1
新闻办,1
一佰,1
韮,1
外卖,1
两极分化,1
浪费时间,1
这好,1
博了,1
260,1
三千多,1
垃级,1
特高,1
一般来说,1
多远,1
看不清,1
日均,1
三人行,1
0.62,1
造型,1
嗷嗷,1
姗姗,1
假日,1
被动,1
当务之急,1
海南省,1
往下走,1
势不可挡,1
像样,1
友,1
无出其右,1
全盘,1
002916,1
得住,1
凉,1
解释一下,1
仓空仓,1
灌,1
新龙,1
美如画,1
百遍,1
抬拉,1
瑞康,1
壮哉,1
2967,1
双针,1
还涨,1
绝在,1
有连板,1
再拉红,1
不论是,1
躲,1
一报,1
我能,1
农,1
三生,1
跌透,1
二是,1
口会,1
开全,1
公用电话亭,1
多跌,1
共计,1
异口同声,1
真幸福,1
暴富,1
同花,1
十三天,1
纳斯达,1
偷摸,1
锻炼,1
黑心,1
拉一波,1
兄长,1
蚕,1
各有,1
低水平,1
徐麟,1
太小,1
只管,1
三十岁,1
连天,1
太多别,1
甲醇,1
起航,1
先抹,1
生活圈,1
空多,1
真怕,1
艰难曲折,1
扣,1
景气,1
现共,1
必翻,1
保存,1
这生别,1
三进,1
改了,1
攻防,1
第十二天,1
空调,1
谈论,1
所买,1
第二次,1
入主,1
SH00000,1
历力,1
盘侠,1
看多逢,1
山河,1
为数,1
交出,1
佛,1
任人,1
近几天,1
菜花,1
尖尖角,1
层日线,1
海浪,1
言表,1
321,1
求中,1
大套,1
主任,1
真肉,1
出冰,1
费率,1
大有希望,1
电话,1
看以,1
德邦,1
三干点,1
心造,1
节,1
潜力股,1
窗,1
短期行为,1
相随,1
小天鹅,1
15.51%,1
有雨,1
救癌,1
亚太,1
不散,1
一查,1
实施方案,1
锦上添花,1
SSATM,1
从没,1
吹哨,1
丧失,1
随意,1
六期,1
步骤,1
打工仔,1
1.8,1
拐,1
兵临,1
快跌,1
远景,1
英雄,1
盛极而衰,1
一场空,1
青春永驻,1
1276512700,1
跌有,1
闲谈,1
无功而返,1
拿不住,1
消户,1
鸡狗要,1
今年以来,1
旗帜鲜明,1
安慰,1
涨一退,1
醒,1
电台,1
二平七亏,1
逐替,1
悠哉,1
评后,1
杀伤力,1
转眼,1
冲高回,1
咬牙切齿,1
韧劲,1
拜拜,1
爱情,1
头羊,1
系好,1
物极必反,1
晃悠悠,1
驴,1
下一波,1
留着,1
大阳才行,1
昏昏,1
不语,1
白云,1
一本,1
哀嚎,1
供,1
牛三看,1
12780,1
后卫,1
锐电退,1
准确率,1
踩响,1
分形,1
内幕,1
两拨,1
600089,1
中昌,1
老道,1
我股,1
冷饮,1
真不容易,1
空走,1
跳脚,1
钨业,1
交行,1
屁股,1
主持,1
玩完,1
礼拜四,1
天洋,1
哪能,1
第三只,1
堪比,1
到此结束,1
上百万,1
发飘,1
五百年,1
全买,1
齐心协力,1
龙钟,1
下手,1
大利,1
翻个,1
当期,1
我明,1
香炉,1
摩擦,1
单向,1
大户,1
晶科,1
老衲,1
恒,1
z,1
膨胀,1
十多亿,1
右下角,1
展锐,1
马上拉,1
外出,1
愿望,1
不忍,1
遗弃,1
2965,1
都利,1
如低,1
百手,1
掉进去,1
稍微,1
袭,1
百年老,1
炒入,1
捐给,1
易拉盖,1
回复,1
假懂盘,1
基地,1
海底,1
州,1
黄油,1
中青,1
高拉低,1
飞流直下三千尺,1
售价,1
90%,1
增资,1
本来面目,1
预警,1
高喊,1
寄望,1
莎吊们,1
问下,1
弄法,1
燕京啤酒,1
来拉盘,1
轮,1
底仓,1
略论,1
捉,1
正元,1
别拉,1
市场规律,1
边上,1
要闻,1
294,1
肉质,1
该轮,1
划水,1
不急,1
强项,1
稳上,1
借美,1
转载,1
转看,1
鼓掌欢迎,1
想拉,1
做抖音,1
岛侠,1
珠穆朗玛峰,1
举步,1
打扰,1
18000,1
十送,1
停滞不前,1
人有,1
全职,1
采下,1
会创,1
夺,1
等闲,1
大阴开,1
那为,1
莫慌,1
烟民,1
阴阳怪气,1
风来,1
入点,1
一程,1
如大阳,1
简报,1
3106,1
开式,1
跌样,1
化纤,1
后退,1
急涨,1
最能体现,1
场规,1
t1,1
有作,1
妖娥,1
抓牢,1
股高开,1
周末好,1
谋划,1
瞄准,1
全军,1
周破,1
暴增,1
7700,1
春兴,1
频率,1
不动声色,1
倒栽葱,1
鼻子,1
cm,1
内容,1
投产,1
轻信,1
金恒,1
算准,1
事实上,1
一系列,1
单车,1
发帖人,1
庆祝,1
我求,1
踏准,1
风儿,1
蚂,1
精彩纷呈,1
少变,1
金宏,1
下下,1
强研,1
哥们儿,1
白骨,1
不入流,1
要套,1
请留,1
2846,1
独爱,1
狐携,1
传来,1
施行,1
没大涨,1
资料,1
问道,1
表述,1
耐着,1
前些,1
及大市,1
一算,1
模棱两可,1
华泰,1
埋伏,1
网新真,1
2905,1
得罪人,1
中途,1
SH603355,1
抓不住,1
祝福,1
4.87,1
上瘾,1
外汇局,1
过不去,1
算了吧,1
达式,1
摘帽,1
鸡血,1
特此,1
将发,1
套小散,1
亲戚,1
敬佩,1
不加仓,1
得空,1
红尘,1
真若机,1
利于,1
白干,1
走不长,1
就让,1
先于,1
大伙,1
九次,1
做法,1
老想,1
洞明,1
无穷,1
539688,1
护着,1
往前,1
摆摊,1
002020,1
欧盟,1
互坑,1
忽生,1
机器,1
董事,1
吃大面,1
牛鬼,1
时光倒流,1
后遗,1
又阳,1
滨海,1
号令,1
红着,1
小阴,1
几句话,1
魔障,1
声色,1
别着,1
数知,1
2964,1
气不气,1
有难,1
我读,1
稳若,1
很惨,1
港元,1
龙哥,1
江水,1
来得,1
沾,1
一二三,1
猛跌,1
京,1
2300,1
发布会,1
无功,1
使命,1
城投,1
存亡,1
N2Nbc,1
甜品,1
老实巴交,1
全特,1
自豪感,1
社区,1
个言,1
何去何从,1
节目,1
自问,1
8700,1
报复,1
工作人员,1
不张,1
得体,1
怪事,1
第十三天,1
鼓舞,1
经济效益,1
漂拳,1
口罩,1
积极关注,1
判断力,1
挨打,1
认,1
早说,1
演技,1
大号,1
指较,1
飞流,1
手单,1
好戏,1
加个,1
纱掉,1
勇气,1
网,1
很强,1
人能,1
凡响,1
肾上腺,1
红通通,1
看比,1
搭台,1
烟,1
上星期,1
下影线,1
酒起,1
多发,1
右肩,1
右下,1
长油,1
接下去,1
送四柳药,1
SZ000858,1
该息息,1
有继,1
阉,1
两元,1
痛苦,1
零件,1
平手,1
二十年,1
万剩,1
九点,1
3375.9,1
过夜,1
jpg,1
罗辑,1
无线,1
起死回生,1
添加,1
三日,1
赌钱,1
来过,1
好不容易,1
注,1
数次,1
108,1
乱窜,1
夏季,1
十四,1
194099,1
学校,1
还信,1
一览,1
差动,1
不经,1
露,1
广是,1
该出,1
圆弧,1
越低,1
久攻不下,1
福利院,1
马勒,1
688106,1
提倡,1
回生,1
75313,1
迷失方向,1
稳中有升,1
庄都学,1
黄山,1
3272,1
梦弱,1
欢笑,1
2919,1
变老,1
宏川,1
劝勉,1
一茬,1
红绿,1
不长,1
我选,1
还学,1
摆开,1
一二次,1
抢筹,1
劲,1
12.34,1
迈上,1
171%,1
凑周,1
妖死点,1
洋河,1
商都,1
那有,1
末空仓,1
快加仓,1
玩股,1
丝丝,1
290,1
最纸,1
诈,1
主脉,1
线有,1
赢玩到,1
统计局,1
IT,1
探作,1
点二,1
那天,1
带走,1
0.05,1
教会,1
整年,1
旅游业,1
同事,1
九阳,1
商银,1
不给力,1
好多天,1
够用,1
发威,1
于数,1
却是,1
胡说八道,1
身为,1
非官方,1
组织,1
连衣裙,1
144,1
日午,1
60%,1
哪敢,1
序幕,1
眼下,1
筛选,1
先冲过,1
看下盘,1
一月,1
速速,1
24800,1
须,1
头版,1
凯普,1
林是,1
师,1
进厂,1
7.15,1
吞掉,1
LCP,1
矿产,1
干扰,1
亏欠,1
时尚,1
优缺点,1
五只,1
防暑降温,1
洗霸,1
杂乱无章,1
铺子,1
头牛,1
奥普,1
此跌,1
鸿博,1
对大市,1
三星,1
评,1
连阳,1
汇聚,1
连补,1
SZ000721,1
守候,1
改名,1
拉闸,1
猛跑,1
假股,1
牦牛,1
SYSUSEMI,1
300034,1
还装,1
一格,1
头阵,1
欢迎批评,1
叹,1
末,1
认沽,1
自觉,1
灌顶,1
财通,1
流沙,1
无脑,1
谨为,1
时不再来,1
上影线,1
渐行,1
牢,1
阻挡,1
而行,1
德国,1
天省,1
铜价,1
指点迷津,1
三十分,1
曲,1
各种各样,1
瘦,1
限售,1
好要,1
物流,1
昂,1
公室,1
第十五,1
越早,1
霸气,1
3003,1
玉门关,1
托底,1
2893,1
开挂,1
专拉,1
canslim,1
跳海,1
不计,1
杀起,1
讨厌,1
300390,1
刊登,1
吓破,1
必套,1
百姓,1
一贯,1
各大,1
葬身,1
我长,1
外表,1
ZAdRiA,1
跳来,1
盯上,1
1600,1
分散,1
价钱,1
两三个,1
已显,1
本命,1
搞来,1
真有,1
带来,1
楠楠,1
真面目,1
下班,1
灵活,1
600570,1
二难,1
数钱,1
五毛,1
600078,1
一发,1
华森,1
乘风,1
多段,1
绵绵不绝,1
倒回去,1
国创,1
前兆,1
比超,1
2819,1
惊慌,1
要命,1
右侧,1
以不变应万变,1
看清楚,1
搭档,1
菜地,1
以领,1
布撞布,1
拖拉,1
每分,1
吴通,1
越红越,1
亚盘,1
刚满,1
同类,1
景色,1
wow,1
首都,1
炮来,1
国寿,1
一派,1
2836,1
3074.26,1
边际,1
郭敬明,1
消费型,1
估评,1
家里,1
股友点,1
新世界,1
初恋,1
前行,1
2.27,1
艳阳,1
7300,1
作怪,1
620,1
神底,1
发指,1
这丑,1
2926,1
2888,1
动弹不得,1
阳伞,1
有位,1
白日,1
认证,1
这鬼,1
一千多只,1
工商银行,1
认可,1
拉德,1
扶好,1
两边,1
创指涨,1
一级,1
牌照,1
诉讼费,1
九有,1
看过,1
折戟沉沙,1
高人,1
信得过,1
味,1
少部分,1
绝招,1
臭氧,1
学生,1
1100,1
太牛,1
宝丰,1
0.2,1
不如意,1
手有,1
必到,1
香港电台,1
4288,1
不好过,1
6003321,1
色球,1
踢掉,1
最难,1
股以,1
卧草,1
十八家,1
又告,1
自贸,1
羚羊挂角,1
包上去,1
丰田,1
脉冲,1
之流,1
模版,1
神机妙算,1
300097,1
多利,1
如梦令,1
跟不上,1
输了钱,1
算一算,1
开大涨,1
厚待,1
走人,1
稀里,1
龙身,1
窗有,1
洗衣机,1
400,1
分亿,1
高走,1
中环,1
2.3,1
分为,1
徤,1
尽可,1
回不来,1
2977,1
厌倦,1
棋,1
交易员,1
何来,1
团结,1
数百,1
习以为常,1
出票,1
佩克,1
雏牛,1
想不产,1
过份,1
深夜,1
104,1
回忆,1
海通,1
柳钢,1
6909,1
夜盘,1
拉圾,1
跌涨,1
4285,1
收上,1
升势,1
四悔,1
吃掉,1
2.0,1
焦作,1
干预,1
登陆战,1
火焰,1
看作,1
一情,1
这分,1
排名,1
002238,1
新版,1
价底,1
你会选,1
散心,1
撤诉,1
海能,1
票票,1
自欺,1
脾气,1
蓝多要,1
安心,1
大经融,1
空仓者,1
LOW,1
清淡,1
五百,1
免谈,1
讲话,1
跑车,1
四维,1
一百年,1
全志,1
寻常路,1
直达,1
0.69,1
慢来,1
allin,1
一整天,1
视源,1
打工,1
煤,1
惯用,1
像京,1
跟个,1
大浪,1
节点,1
坐轿,1
环比,1
看道,1
跌五,1
0.25,1
国务,1
单独,1
购做,1
几月,1
亚马,1
六天,1
我用,1
曾毓群,1
熟虑,1
动手,1
3015,1
短板,1
第三次,1
盘拉,1
斗勇,1
市县,1
图差,1
过半,1
途中,1
和华,1
相符,1
而立,1
不带量,1
得逞,1
秀强,1
撑住,1
春华,1
难到,1
毒瘤,1
一个劲,1
该大涨,1
可望,1
趴着不动,1
光线,1
一季度,1
消耗,1
老百姓,1
收紧,1
财务报表,1
忽聚,1
尽致,1
珠三角,1
做错,1
局长,1
去乐视,1
质量,1
挺准,1
600540,1
2950.07,1
浪潮,1
这多唱空,1
几支,1
长沙,1
农产品,1
2330,1
恐高症,1
普及,1
曲线图,1
跳来跳去,1
悔悟,1
汇添富,1
2995,1
小散们,1
裸泳,1
中阴,1
炖,1
Model3,1
亿总,1
第十四天,1
歇菜,1
草原,1
妙音,1
近一半,1
万物,1
有木有,1
达哥,1
同意,1
百分之三十,1
华海,1
能套,1
当大,1
有奖,1
金难,1
没动,1
三名,1
回本路,1
纷纷,1
投标,1
一二三四,1
组网,1
高有,1
冒进,1
誓,1
煎熬,1
沪主,1
未卜先知,1
华尔街,1
机会难得,1
25050,1
妙算,1
600896,1
命运,1
柏堡,1
有涨,1
兰,1
六年,1
破局,1
心慌,1
潜泳,1
高仁,1
80813,1
和兆易,1
几分钟,1
扇,1
湖,1
风力,1
论宣票,1
股威,1
9.30,1
洗着,1
优先,1
00518,1
泄,1
打签,1
晶澳,1
前两天,1
水分,1
讲明,1
卖光,1
少见,1
其翻,1
万多,1
遵守,1
300364,1
TMD,1
大麻,1
分钱,1
喉咙,1
那尿性,1
想不通,1
信通,1
分流,1
300120,1
一段落,1
煮面,1
实际上,1
毕有,1
发篇,1
在京举行,1
人民币,1
西,1
华兰,1
30W,1
蒸汽,1
内开,1
603949,1
不准,1
遵义市,1
重重的,1
国货,1
复性,1
国信,1
眼瞎,1
生气,1
毛钱,1
一吃面,1
双,1
免税,1
长红,1
强颜,1
只卡时,1
唤醒,1
绝味,1
万家,1
两重天,1
打量,1
一声,1
进不去,1
晃晃,1
竖起,1
收購,1
司业,1
涨点,1
没上,1
尊敬,1
邪门,1
例,1
土豪,1
点干,1
烂股,1
4.43%,1
导语,1
雷劈,1
心跳,1
改女,1
去星,1
大方,1
欧菲光,1
短调,1
温水,1
戮,1
老字号,1
温和,1
太棒了,1
查找,1
HFjFCR,1
岁,1
股道,1
充裕,1
难测,1
别动,1
住房,1
生命线,1
下辈子,1
魔鬼怪,1
行将,1
花落,1
噶尔,1
无可,1
崎岖,1
破年线,1
热烈祝贺,1
粗暴,1
画根,1
营商,1
反跌,1
说个,1
数百万,1
巨人,1
连口,1
跌少,1
一再,1
过头,1
割须弃袍,1
分在,1
卖完,1
真想,1
拉上来,1
落户,1
好苦,1
大方向,1
海市,1
强烈推荐,1
在线教育,1
破净股,1
前些天,1
持币观望,1
指天,1
三成,1
衰退,1
喜,1
嗎,1
100W,1
熟识,1
系统性,1
门,1
这么久,1
别抱,1
精品,1
痛不欲生,1
钻研,1
要彪,1
拍,1
终需,1
问破,1
2953,1
饺子,1
练就,1
天空,1
紧,1
后升,1
不有,1
巨作,1
飞龙,1
永利,1
一款,1
协调,1
困,1
一等,1
7.8,1
109,1
忘,1
营业,1
模塑,1
停止,1
双重,1
攻克,1
一无所有,1
底垫,1
普通股,1
富有,1
外股,1
短短的,1
心得体会,1
元卖,1
传奇,1
士在,1
重庆,1
油价格,1
已写,1
哑火,1
没票,1
太好了,1
世宝,1
最小,1
为求,1
质押,1
花儿,1
柿子,1
3.4,1
爱死,1
磕,1
开会,1
烽火,1
赔死,1
耗,1
攻势,1
四分钟,1
功到自然成,1
缓解,1
四万,1
我待,1
1708,1
试问,1
总在,1
一刹那,1
挖,1
才刚,1
小妖精,1
衣裙,1
千百遍,1
深耕,1
深似海,1
就掛,1
包了,1
不如说是,1
酝酿,1
率超,1
丢脸,1
仰天长叹,1
主推,1
云帆济,1
不同凡响,1
开得,1
红红火火,1
真损,1
中所,1
区区,1
交割单,1
绵软,1
冲高先,1
货色,1
主角,1
尸,1
盛宴,1
600503,1
强颜欢笑,1
自毁,1
小仓,1
机工,1
挺快,1
千年,1
消耗品,1
燕京,1
四川长虹,1
微电,1
强壮,1
尼斯,1
自来水,1
商业伙伴,1
淡淡,1
一类,1
底层,1
唯,1
9830,1
601216,1
苦诗,1
从量,1
2020.06,1
江尸,1
收回,1
九套,1
开空单,1
好了吗,1
干货,1
会上,1
一找,1
没盘,1
老手,1
参,1
涵盖,1
24830,1
冠绝,1
小菜,1
休市,1
胆大心细,1
烈烈,1
弟兄,1
电话亭,1
会出,1
是因为,1
疯涨,1
十几亿,1
努力奋斗,1
洗牌,1
独具,1
各就各位,1
国资委,1
无几,1
高开别,1
600057,1
低端,1
中学,1
攻入,1
六脉,1
不要紧,1
面对现实,1
券,1
走路,1
口全,1
变值,1
期待已久,1
构筑,1
托不起,1
今明两年,1
自由贸易,1
20200605,1
491,1
603212,1
常年,1
日下,1
箱式,1
几把,1
展示,1
分裂,1
弱弱,1
健步,1
确定性,1
35%,1
之约,1
我为,1
深有,1
类股票,1
聚合,1
中通,1
监控,1
深振业,1
心太恨,1
暴躁,1
碳基,1
冲过去,1
000936,1
十四天,1
何用,1
百分之十,1
硅晶,1
悟道,1
舔,1
国证,1
祝您,1
不套,1
多姿多彩,1
钱少,1
巴拉德,1
冬,1
小小,1
6.12,1
虚,1
600859,1
会崩,1
下山,1
无所事事,1
ETF159997,1
半再,1
可不,1
1723,1
诡异,1
2656,1
良性,1
空仓止,1
银办,1
游击战,1
鸡粪,1
银子,1
再赔,1
股领,1
喧嚣,1
普红,1
信自,1
调控,1
心窍,1
席位,1
科创版,1
破掉,1
单看,1
豆腐,1
权属,1
一进,1
许多股,1
微观,1
工具,1
那条,1
在岸,1
睡个,1
但斌,1
命苦,1
不倒,1
特意,1
点大顶,1
2910,1
昭示,1
17859,1
共同进步,1
缩头,1
振荡盘升,1
900%,1
本小散,1
激动,1
天井,1
遍,1
一味,1
窗帘,1
作假,1
必跳崖,1
14W,1
阀门,1
草莽,1
嚎陶,1
冰火,1
两只,1
开发商,1
白旗,1
占据,1
世间,1
佟大伪,1
跑不了,1
发货,1
惧怕,1
胸弟,1
机工程,1
强制,1
19000,1
太虚,1
纷呈,1
一丝,1
节约,1
小时候,1
超买,1
梦游,1
报刊,1
加装,1
芒格,1
田亮,1
千百,1
压下来,1
想太多,1
肯,1
九百,1
收网,1
密集,1
年半才,1
2937.59,1
瞎贷,1
笑笑,1
山煤,1
倾向,1
伤痛,1
多说无益,1
何干,1
盛视,1
福利,1
SH688166,1
6.503,1
南向,1
股高,1
挤挤,1
游戏类,1
半小时,1
南北,1
主动出击,1
真实,1
拿来,1
新朋,1
做件,1
........,1
振出,1
烈日炎炎,1
熊不熊,1
节骨眼,1
托起,1
众人拾柴火焰高,1
精细,1
交投,1
不太好,1
成功率,1
醍醐灌顶,1
打造,1
说了算,1
平波,1
往高,1
散们,1
生拉硬拽,1
悠着,1
探出来,1
预见,1
000776,1
消费品,1
极个别,1
笑容,1
2918,1
求索,1
金证,1
画虎,1
4700,1
秀,1
盘升,1
华虹,1
小单,1
维艰,1
万倍,1
时窗,1
股买,1
BHRvNJ,1
定夺,1
后量,1
300002,1
T0,1
小说,1
只票,1
可别,1
加满,1
逝,1
息,1
套用,1
拉据式,1
不愿,1
内地,1
换股,1
水不在,1
国务院新闻办公室,1
越怕,1
猪力,1
仙股,1
九连,1
非理性,1
岀,1
东西南北,1
洗个,1
韩庚,1
女侠,1
雪夜,1
压死,1
运营商,1
惹,1
竟猜,1
空中加油,1
越摇越,1
粒糖,1
包阴,1
解读,1
生活必需品,1
00,1
圈中,1
家用电器,1
赔率,1
人要,1
天命,1
太跌,1
追高套,1
读点,1
2514,1
打游击,1
亮点,1
偶有,1
好了没,1
Python,1
丰衣足食,1
795,1
江淮,1
先锋,1
雷股,1
芝,1
几分,1
破板,1
农村,1
隐现,1
陷阱,1
点跌,1
磨矶,1
开调,1
提议,1
2946,1
走点,1
受制于,1
沾光,1
放心大胆,1
IMF,1
填补,1
听到,1
小姑,1
地发,1
欲速则不达,1
异彩,1
一幕,1
300328,1
2871,1
2013.1,1
轨迹,1
言犹在耳,1
几遍,1
抓板,1
巿,1
美团,1
海虹,1
50etf,1
三部,1
别装大,1
囉,1
广电,1
再查,1
PDEM,1
002340,1
1760,1
空算,1
癌,1
中航,1
瓜皮,1
1.25,1
因瓦,1
点太难,1
小于,1
此波,1
拒鹿,1
会员,1
这大,1
强韧,1
点哇,1
两极,1
自定义,1
老粉,1
自白,1
不忘,1
国际化,1
纪念,1
论小分,1
2906,1
不足之处,1
相似性,1
请教,1
分级,1
妥,1
子规,1
娃子,1
后场,1
霉到,1
试目,1
卖鞋,1
有余,1
半会,1
002503,1
万手,1
兴业,1
逆反,1
灵验,1
见怪,1
无股,1
正轨,1
定心丸,1
债券,1
上爬,1
大规,1
一元,1
中报,1
沪综指,1
积极参与,1
13.24,1
中医,1
記住,1
深收,1
单从,1
上海市,1
小主升浪,1
瀚亚,1
今夏,1
联盟,1
不度,1
两三,1
中受,1
幸好,1
独具一格,1
唱多空,1
这算,1
首要,1
告,1
直下,1
代,1
含,1
一键,1
走到,1
首要条件,1
小酌,1
发功,1
002053,1
美鬼创,1
红彤彤,1
为数不多,1
遗憾,1
再冲,1
十五,1
请来,1
改,1
暴力,1
贴图,1
掏空,1
300829,1
金子,1
司机,1
可企,1
前所未有,1
求生存,1
一百两,1
铁矿,1
上上下下,1
2695,1
原油价格,1
先看,1
弱鸡,1
一盆,1
告诉您,1
没能,1
会见,1
风刹,1
竹子,1
阻止,1
咖,1
心惊,1
足食,1
祝,1
起家,1
不费,1
实力,1
跌不跌,1
14.25,1
云铜,1
不冲,1
副产品,1
跌绿,1
攻破,1
000726,1
万亩,1
心欢,1
取关,1
电图,1
一抖,1
之势,1
卫生,1
过往,1
盲目,1
安洁,1
铸管,1
设立,1
世卫,1
走极端,1
花招,1
忍住,1
步,1
国子,1
有红有,1
说法,1
300818,1
三千尺,1
身,1
操,1
以岭,1
实际操作,1
读懂,1
模糊,1
风云,1
领取,1
多来,1
必读,1
逼下,1
不如说,1
招引,1
102.5,1
兽,1
好手,1
涨一毛,1
徒,1
鲁西,1
坑杀,1
喜迎,1
一小,1
能收,1
皇共,1
微套,1
教导,1
恐惧心理,1
沈阳,1
下个星期,1
七八,1
只好,1
区分,1
分水,1
不管怎么,1
感概,1
村,1
经营范围,1
2908,1
米特,1
小额,1
四处,1
不肯,1
意图,1
中外,1
无耻,1
为首,1
不报,1
休假,1
阳痿,1
内鸡狗们,1
下盘,1
停盘,1
争相,1
太棒,1
大器,1
下大,1
让你玩,1
十三只,1
恢复性,1
票捷捷,1
带点,1
金龙,1
MACD5,1
挣幸,1
0.21,1
麦捷,1
最先,1
渐远,1
藏,1
停摆,1
管好,1
模样,1
仙气,1
指向,1
官方,1
最怕,1
出轴研,1
我进,1
养成,1
百两,1
面都,1
对美,1
液晶,1
600259,1
两句话,1
西山,1
带有,1
二月份,1
越套,1
回吐,1
折射,1
玩命,1
药是,1
转晴,1
万方,1
戒烟,1
参考性,1
首次,1
老夫,1
上游,1
供参,1
账,1
平常心,1
宏达,1
顶顶顶,1
惊掉,1
半年报,1
看不起,1
心系,1
自行车,1
评说,1
死无葬身之地,1
谎蛋,1
断魂,1
放假,1
川流,1
单打独斗,1
评价,1
模棱,1
利人,1
忙活,1
采访,1
恒邦,1
买回,1
怪气,1
嚓,1
必低,1
白糖,1
看线,1
万部,1
真阴,1
阳顶天,1
性价比,1
拣,1
在意,1
前到,1
注意安全,1
尖角,1
不良,1
重仓股,1
扶,1
导读,1
煙,1
防中,1
此图,1
换换,1
先是,1
广宇,1
旗下,1
分是,1
翻过,1
就锟行,1
豪美,1
言中,1
3018,1
好气,1
还本付息,1
过客,1
不济,1
山水,1
君,1
六点半,1
平盘,1
打起,1
亲密,1
大族,1
气人,1
20.06,1
2733,1
假象,1
好快,1
能撑,1
付息,1
太白,1
鼓吹,1
驱赶,1
农药,1
不放,1
SZ000963,1
风采,1
扶持,1
深表,1
马街,1
深圳证券交易所,1
静止,1
一首歌,1
满满的,1
双雄,1
18.6%,1
正道,1
1697,1
段落,1
四大行,1
娱乐,1
冲进来,1
百元,1
有缺,1
OR,1
猛进,1
干以,1
油一拉会,1
189,1
海澜,1
棋局,1
绚丽,1
句话划,1
第二段,1
真理,1
大腿,1
视讯,1
总会,1
初现,1
美盘,1
榜上,1
斗智斗勇,1
5.11,1
成指,1
强劲,1
辉煌,1
有所作为,1
怎知,1
股经会,1
美人,1
一头,1
上推,1
例牌,1
玩法,1
前陣兒,1
2802,1
天不涨,1
活雷锋,1
60399510,1
阴雨,1
焊劳,1
风范,1
梦网,1
隐患,1
科普,1
2956.11,1
巴拉,1
多星,1
十有,1
轰轰烈烈,1
吸气,1
好盘,1
经意,1
紫砂,1
生药,1
寄生,1
汾酒,1
开市,1
不像,1
高伟,1
以深,1
细化,1
龙门,1
j,1
两步,1
新华,1
7.35,1
指盘,1
苍天,1
轰轰,1
金逸,1
咋办,1
冲量,1
两百,1
放手,1
盼到,1
装神弄鬼,1
二胎,1
从头开始,1
挑灯夜战,1
曲折,1
没回,1
诶,1
0.6,1
上帝,1
亮丽,1
纳尼,1
说强,1
250.9,1
十三年,1
包装,1
茅台酒,1
整固,1
雄,1
11000,1
不前,1
.....,1
解封,1
dd,1
嗨,1
维生素,1
五十万,1
稍稍,1
图个,1
大麦,1
下巴,1
内需,1
2931,1
穿绿鞋,1
打个,1
三连,1
罗牛山,1
盛夏,1
抢滩,1
三十日,1
独白,1
缩得,1
感慨,1
两页,1
而活,1
只出,1
皮质醇,1
先走,1
磨人,1
晶圆厂,1
这劲,1
缝,1
败,1
忽,1
领导,1
敬,1
睬,1
润滑,1
礼拜一,1
短命,1
不离,1
学区,1
抗生素,1
解恨,1
上青,1
滔滔,1
四百,1
124.8,1
长川,1
收小阴,1
非,1
12.99,1
调仓换,1
足球,1
长文,1
修炼,1
千金,1
偏涨,1
扛得住,1
红星,1
低买,1
股一签,1
护城,1
悄然,1
裤头,1
专治,1
出完,1
渡,1
猜中,1
锁定,1
差距,1
及格,1
一跳,1
落实,1
国企股,1
飘飘,1
气色,1
亮眼,1
老态龙钟,1
发送至,1
内到,1
不快,1
三十几个,1
绝比,1
注销,1
老窖,1
002325,1
喝药,1
怪样,1
欧啦,1
内不去,1
平仓,1
赛,1
遇见,1
06.08,1
偏不信,1
极致,1
14.20,1
较弱,1
未有,1
流畅,1
辞别,1
诱多市,1
本价,1
来波,1
攻打,1
抬轿,1
空仓时,1
独树一帜,1
咖给,1
前大闹,1
受美,1
融,1
玩得,1
守得,1
债券市场,1
前日,1
风速,1
垂死挣扎,1
胡乱,1
预报,1
吃酒,1
那好,1
98559870,1
多跌点,1
叽叽,1
0.31%,1
探出,1
跳次,1
收大长,1
上轨,1
遵义,1
艾可,1
好闷,1
60326,1
扭转,1
退回,1
推導大盤,1
不负众望,1
别涨,1
ISV,1
具体分析,1
牵牛,1
跨,1
短浅,1
涅,1
6.2,1
虚拉,1
一半一半,1
得套,1
股里,1
奋力,1
进程,1
扛着,1
二千多,1
滚打,1
长时间,1
55.58,1
都市,1
喝啤酒,1
锐新,1
恐怖,1
两把,1
细心,1
1.22,1
仍属,1
英,1
高举,1
年轻,1
棒棒糖,1
晓得,1
两难,1
ROE,1
舆论,1
抉择,1
高德,1
当初,1
垂死,1
六家,1
六小,1
物业费,1
软软,1
269,1
买菜,1
费,1
振感,1
可贺,1
002377,1
哪般,1
满心,1
30000,1
随随,1
惨不忍睹,1
携,1
日强,1
独有,1
农副,1
让给,1
入股,1
戒备,1
吐出来,1
银之杰,1
走进,1
与我何干,1
早年,1
一系,1
差美股,1
小坡,1
商量,1
买单,1
涨太多,1
近年,1
邪,1
怡亚通,1
母舰,1
撬动,1
市有,1
点高开,1
胜负,1
2962,1
心志,1
砷,1
无精打采,1
先要,1
一眼,1
用药,1
梦若拉鸡,1
000010,1
如离,1
暴走,1
劳,1
陷入,1
消费者,1
不累,1
单会,1
不通,1
收出,1
2.38,1
收钱,1
片炮,1
占有,1
恐龙,1
停牌,1
保留,1
青蛙,1
内围,1
绿毛,1
商用,1
拉指,1
鲜嫩,1
300038,1
崩掉,1
小米,1
300000,1
这酒,1
哈高科,1
英国,1
那来,1
不正,1
走成,1
遵守纪律,1
凉凉的,1
己知,1
吃根,1
绿一,1
剁,1
多于,1
涨多,1
人空仓,1
东流,1
四根,1
红四绿,1
提防,1
拉一,1
算见,1
九阴,1
基本功,1
上蹿下跳,1
广场,1
真叫,1
看马云,1
参考价值,1
超时,1
一帆风顺,1
賺,1
票小有,1
百,1
太狠,1
人造肉,1
指为,1
虚假,1
出门,1
一路上,1
绝期,1
随盘,1
混,1
斩,1
十来个,1
补丁,1
指导,1
不利于,1
内见,1
化成,1
重心,1
向东,1
满心欢喜,1
一份,1
贺电,1
只供,1
琢磨不透,1
股拉成,1
跳水台,1
为例,1
业内,1
凄凉,1
饿,1
含义,1
买办,1
次金叉,1
比跌,1
目的,1
精达,1
恕,1
天实盘,1
三十年,1
帐户,1
人才,1
太菜,1
国力,1
不紅,1
出图,1
不祥,1
3012,1
负责,1
出身,1
开工,1
小菲菜,1
点能,1
轮番,1
轻易,1
几百个,1
斯达,1
携手,1
越高,1
恒通,1
下边,1
光荣,1
之三,1
年半,1
2870,1
陪伴,1
金风,1
天板,1
人类,1
股近,1
起撑,1
点至,1
磨到,1
复个,1
同涨,1
博主太牛,1
不堪入目,1
堵,1
出关,1
300131,1
难为,1
有强,1
0.26,1
强弓,1
5974,1
铁口,1
點位,1
贴子,1
没看,1
救治,1
筑顶,1
时时,1
总要,1
反对,1
1936,1
金太阳,1
菩萨,1
蝉燥林,1
远方,1
给哥,1
1675,1
天时,1
灭亡,1
发酵,1
割麦,1
席卷,1
本地股,1
没劲儿,1
回头一看,1
马永强,1
13012,1
无所谓,1
数字化,1
治污,1
2810,1
688598,1
情结,1
上百,1
一塘,1
谈何,1
艾,1
他托,1
香,1
影向,1
踢,1
突如其来,1
大美必,1
波浪,1
胸闷,1
否认,1
普绿,1
储备,1
正业,1
挂角,1
田里,1
走掉,1
股才,1
众腰,1
发芽,1
人争,1
停步,1
李,1
分布,1
23.96,1
手杀,1
探险,1
坚如磐,1
催生,1
点个,1
步步,1
之我见,1
音乐,1
顺顺,1
不堪设想,1
交给,1
中所经,1
心旷神怡,1
列为,1
AA,1
受制,1
违规,1
孤军,1
国有资本,1
得润,1
更持,1
祖国,1
比猴,1
光会,1
皖,1
BI0551,1
只求,1
格拉,1
心脏,1
吃错药,1
南京,1
没完,1
柔性,1
短时,1
补张,1
包烟,1
132,1
推演,1
安全带,1
经不住,1
喊人接,1
红红绿绿,1
会儿,1
000721,1
智斗,1
节前,1
紫烟,1
强国,1
洗人,1
左上角,1
浮盈能,1
松山,1
Y,1
风好,1
日晚,1
价先,1
试一试,1
配电,1
哪有,1
失败者,1
泸州,1
强盗,1
啥意思,1
300497,1
识,1
300238,1
巨增,1
硬是,1
老早,1
511,1
小散己,1
现跌,1
时好,1
以报,1
所求,1
大额,1
甜爽,1
笑谈,1
客对,1
証,1
見,1
找准,1
跳得,1
十多年,1
罗源,1
藏于,1
不爽,1
买入价,1
柔,1
保健,1
龙泉,1
硅产,1
4262,1
低息,1
Android,1
披上,1
集采下,1
好累,1
已定,1
准噶尔,1
双逆,1
得罪,1
裂变,1
打扑克,1
合力,1
炮,1
遭受,1
充分利用,1
机电,1
小吃摊,1
勿忘,1
蚁溃,1
欧佩克,1
悍,1
明智,1
唉呀,1
板喜,1
281,1
sT,1
不喜,1
分至,1
小分,1
人为,1
1.0%,1
阵势,1
追捧,1
彊,1
顾问,1
一刹,1
帅哈,1
蜜月,1
亲近,1
真金,1
刚喊,1
银汉,1
越紧,1
再会,1
死亡,1
接线,1
战绩,1
恶劣,1
往回,1
自欺欺人,1
输到,1
套上,1
逆,1
三四只,1
陈仓,1
空唱空,1
300400,1
不补量,1
心细,1
深思,1
单天,1
爱股,1
详解,1
叫容大,1
突地,1
号召,1
603277,1
点燃,1
万达,1
一步登天,1
感冒,1
拖下去,1
位处,1
有星,1
进货,1
老把戏,1
二只,1
不支,1
一大早,1
意大利,1
几倍,1
不割,1
共存亡,1
车市,1
惩罚,1
感光,1
第六期,1
洗衣,1
喷子,1
菜熟,1
有股,1
300458,1
停一停,1
车间,1
怒张,1
1050,1
年华,1
九天,1
不太会,1
868,1
一百个,1
酸,1
势态,1
吹雪,1
迹,1
浮动,1
涨成,1
明天科技,1
电视剧,1
3127.17,1
龟速,1
当分,1
SH601398,1
雷锋,1
反作用力,1
排排,1
点中,1
溢,1
闻到,1
相劝,1
SZ002824,1
做人,1
特少,1
卖高,1
大力发展,1
能拿否,1
长期趋势,1
古拉,1
迎大涨,1
鬼迷心窍,1
贱,1
贬值,1
后劲,1
有气无力,1
孩子,1
很多年,1
如看,1
算算,1
深股,1
同花顺,1
烧结,1
一柱,1
002326,1
冲高后,1
频吹,1
连下,1
梦游者,1
金针,1
SZ000058,1
多如牛毛,1
长不大,1
乖乖,1
别拦,1
象个,1
代发,1
0.62%,1
正盛,1
6124,1
网吧,1
准对,1
人云亦云,1
7.72%,1
哗哗,1
双亏,1
新兴,1
静,1
保持良好,1
欣欣,1
硬拉,1
周六,1
警言,1
002846,1
诞生,1
咬牙,1
跑光,1
6%,1
完整,1
全军覆没,1
这慢,1
3.10,1
少少,1
游业,1
度,1
甜甜,1
赚点,1
101%,1
功攻,1
老态,1
6.97,1
如意,1
清洗,1
谈谈,1
24950,1
郑重宣布,1
葵花,1
00215336.37,1
请大,1
拖后腿,1
对手,1
先赔,1
特气,1
满融,1
爪,1
步步为营,1
点快,1
愚蠢,1
好极了,1
捡便宜,1
办公,1
广晟,1
部长,1
熟练,1
抽红盒,1
蔚来,1
找回,1
酸辣,1
巨阴开,1
一站,1
防,1
查理,1
可望而不可即,1
最有,1
爆大,1
矮股,1
践行,1
ExcludDividend,1
鲜亮,1
可喜可贺,1
破铁顶,1
诱空,1
预热,1
下走,1
农林牧,1
别低,1
半碗,1
海马,1
600546,1
反作用,1
磐,1
盘越,1
开到,1
楼阁,1
闹,1
卸,1
0.447%,1
韭菜花,1
本色,1
越静,1
国恒,1
龙盛,1
几亿,1
抄录,1
欲哭无泪,1
ETC,1
央视,1
10m,1
掌阅,1
二十万,1
确立,1
03320,1
从业,1
全埋,1
务正,1
黄金分割,1
第二轮,1
7.1,1
草案,1
十岁,1
撤单,1
要点,1
刚玩,1
遮阳,1
坚,1
没弄,1
吉视,1
前景,1
正畸,1
600975,1
投资人,1
哦哦哦,1
财神,1
定点,1
甚,1
骗走,1
橡胶,1
000503,1
分利,1
来者,1
事事,1
SZ000564,1
航空母舰,1
由刻,1
柳药,1
0823,1
延期,1
SZ300364,1
成仓内,1
没理由,1
60501,1
前功尽弃,1
嫌弃,1
学好,1
还算,1
打入,1
解密,1
指日线,1
预演,1
股谚,1
深知,1
卖家,1
留有,1
出征,1
进发,1
浑身,1
选大,1
流通,1
真无语,1
奇出,1
投错,1
语录,1
拍卖,1
白费,1
1753,1
庄割,1
患者,1
欧元,1
1944,1
装逼,1
11.60%,1
郑重,1
地雷,1
状,1
不回,1
不惧,1
Matlab,1
废掉,1
进康华,1
形,1
宽广,1
利益,1
一谭,1
行不行,1
之初,1
登峰造极,1
最宽,1
侯,1
早期,1
近半年,1
三号,1
修改,1
公用,1
阶梯,1
一单,1
三代,1
怪不怪,1
金智,1
开平,1
看少,1
周而,1
退坡,1
腥风血雨,1
集聚,1
三连跌,1
无迹可寻,1
还行,1
质点,1
一疫,1
哪有什么,1
搭进,1
一枝,1
表面,1
国风,1
黑天鹅,1
白人,1
负相关,1
开型,1
配制,1
天没见,1
淘汰,1
铁底,1
黄色,1
9.48%,1
满盘,1
首开,1
稍,1
高级,1
扭转乾坤,1
失守,1
业户,1
永驻,1
互娱,1
二段,1
绿地,1
2943.67,1
人拉,1
指为例,1
mmp,1
联创,1
演绎,1
想补,1
0.82,1
易购,1
化硅,1
跌近,1
5.86,1
各样,1
疲惫,1
没脸见人,1
商不涨,1
2911,1
002562,1
久,1
小院,1
拥抱,1
新华网,1
仇恨,1
这三只,1
市长,1
夫妇,1
B股,1
四分,1
逻,1
中青宝,1
历尽,1
违约,1
直播间,1
点不拉,1
韩建,1
香型,1
会炸,1
再回首,1
几只,1
度过,1
试点,1
一棵,1
为妙,1
新帖,1
去掉,1
煤电,1
第一股,1
6.54,1
买基,1
微软,1
SZ300014,1
打磨,1
一户,1
分区,1
牢固,1
莱特,1
第四个,1
扑克,1
0.43,1
黯,1
两重,1
灏,1
瞎折腾,1
大牛要,1
填空,1
诱多诱,1
最悲,1
韭黄,1
赶顶,1
34492,1
同声,1
过得,1
指路,1
出清,1
见怪不怪,1
懊恼,1
中选,1
打响,1
烦恼,1
一爆,1
几百元,1
难于上青天,1
四次,1
曝光,1
沉不住气,1
每天晚上,1
骗炮,1
随波逐流,1
猛拉,1
美丰靠,1
九百多,1
2973,1
个个,1
别太,1
向来都是,1
小财,1
盛极,1
比深,1
雾锋,1
见性,1
股差,1
衰三而竭,1
鲲鹏,1
p2009,1
不温不火,1
有感,1
分割,1
盘点,1
次日,1
人当,1
皮,1
赢为,1
窗口期,1
麻痹,1
晶瑞圣象,1
俩,1
能活,1
新力,1
吸干,1
1.23,1
装必,1
毒针,1
嗝,1
心思,1
不断改进,1
欣欣向荣,1
聆讯,1
封住,1
模仿,1
换低,1
飞龙在天,1
中科院,1
巨石,1
目瞪又口,1
普普通通,1
害惨,1
已至,1
引入,1
首位,1
阿诺,1
量够,1
睡懒觉,1
救,1
5.9%,1
24850,1
情系,1
男要,1
长成,1
黑暗,1
冲高快,1
沉闷,1
戈,1
文没人,1
万能,1
无一不是,1
止境,1
分析师,1
十二天,1
13600,1
形踪,1
发式,1
劲儿,1
影响力,1
补位,1
母鸡,1
遥不可及,1
大放,1
圣邦,1
干点,1
收线,1
偷闲,1
如遇,1
大家伙,1
普元,1
Emily74,1
五星,1
青天,1
借口,1
亿左右,1
玩到,1
太重,1
专利,1
如蜜,1
乖孩子,1
黄河,1
梦魇,1
浮躁,1
人物,1
负,1
建工,1
关键时刻,1
化肥,1
没解,1
心虚,1
顺鑫,1
半拍,1
炸油条,1
完球,1
老路,1
全分,1
搓揉,1
合作伙伴,1
同路,1
米弟,1
全能,1
梦涨,1
动物,1
飞起,1
请个,1
成鑫,1
全市,1
差价,1
背弛,1
一整,1
八块,1
2020K,1
先上,1
好几,1
三层,1
百亿,1
2942.76,1
翻江倒海,1
好运,1
幽,1
太亮,1
空虚,1
.......,1
离大,1
嚼之无味,1
年老,1
下水,1
单打,1
祥林嫂,1
繁华,1
二市,1
半导体芯片,1
管控,1
热门股,1
本田,1
皆知,1
三出,1
昌盛,1
靠拢,1
股上,1
举步维艰,1
花朵,1
性质,1
上期,1
星河,1
晃,1
试验,1
构建,1
妖女,1
实实在,1
预增,1
掩饰,1
期权,1
天眼,1
千金难买,1
法则,1
233,1
急速,1
奋战,1
淳香,1
没得,1
博,1
二十多,1
无风,1
伤力,1
无时,1
盈峰,1
仓加,1
我爱你,1
2018.10,1
沧海,1
牛羊,1
奔驰,1
面积,1
育新,1
一方,1
静地,1
4444,1
别当,1
2840,1
妖怪,1
需谨慎,1
终身,1
中加,1
顿,1
吃瓜,1
前不久,1
诱多段,1
前排,1
三部曲,1
医,1
超硬,1
发疯,1
2955,1
昆明,1
独立性,1
可动摇,1
语言表达,1
现己,1
吐出,1
犹豫不决,1
5900,1
烽,1
七月份,1
应有,1
这么晚,1
四十,1
避难,1
西门,1
要学,1
一万八,1
做过,1
解解,1
比肩,1
地摊货,1
伤己,1
鸿,1
倒数,1
学学,1
焦点,1
休,1
太乱,1
谈一谈,1
憋,1
朌,1
七八个,1
CCTV,1
赶去,1
感叹,1
骗套,1
回味无穷,1
一通,1
收复失地,1
补一补,1
排行榜,1
所困,1
苦涯,1
时间段,1
没蹦哒,1
涉,1
千尺,1
鸟哈,1
全亏,1
炒上,1
当做,1
那位,1
来首,1
新能,1
一跌,1
首选,1
跌来,1
折戟,1
参观,1
金森,1
梅轮,1
新老,1
体系,1
3O0,1
妖魔鬼怪,1
东山,1
日晴,1
998,1
一季,1
一棒,1
只谈,1
亮,1
险守,1
诱,1
飞凯,1
大盆,1
拉开,1
瞎涨,1
上长,1
放眼,1
十块,1
大虚涨,1
碎银,1
100w,1
惨淡,1
点上,1
普,1
水利,1
7.97,1
大虾,1
做个,1
通畅,1
受美指,1
难上难,1
火箭,1
1.08,1
亚圣,1
为什,1
在筑底,1
探讨,1
乖点,1
取暖,1
SZ002481,1
真谛,1
进阶,1
换成,1
低潮,1
嗷,1
每杀,1
不甘,1
回暖,1
日化,1
万变不离其宗,1
雨具,1
小号,1
今年底,1
账上,1
响,1
走起,1
河马,1
第二个,1
胆量,1
黄,1
0.42%,1
好大,1
000100,1
嘞,1
高空,1
半点,1
混乱,1
欢欣,1
国务院,1
那多爽,1
算球,1
根,1
轮刷,1
骚姿,1
医疗保健,1
涨一涨,1
这方,1
这股,1
看股,1
敞口,1
不于,1
金黄,1
离岸,1
还会板,1
股不补,1
慈悲,1
好感,1
阳跌,1
ma144,1
升值,1
夜市,1
置业,1
十六年,1
歇歇,1
越狠,1
小姑娘,1
般般,1
影子,1
C5,1
浏览,1
开后,1
齐心,1
胶囊,1
点卖,1
亏成,1
无缘无故,1
大洗,1
外力,1
小评,1
配置,1
绝霸,1
快讯,1
13.30,1
长久,1
德,1
必中,1
杨,1
砸锅,1
帽子,1
摔,1
固底,1
NB,1
刹那,1
硬糖,1
265,1
拓展,1
地天,1
先出,1
账面,1
找点,1
下一浪,1
潮来,1
603387,1
真牢,1
创办,1
愁码,1
看麦格,1
0.34,1
盛,1
网文,1
征途,1
巨星,1
新起点,1
碳化,1
等于零,1
72500,1
出高八,1
十八,1
有无,1
心电,1
听大,1
周后,1
长大,1
当年,1
该大,1
百分之零点,1
扮演,1
股票价格,1
焦化,1
份额,1
兼并,1
有大托单,1
2007,1
坚定信念,1
以露,1
好久不见,1
风头,1
揽,1
压制性,1
攻不上,1
尽人事,1
某大行,1
落细,1
嫁衣,1
光华,1
早些,1
还来,1
座,1
输掉,1
不断创新,1
热身运动,1
磨折,1
戴高帽,1
好愁,1
全民,1
累不累,1
接轨,1
拉过,1
要说,1
带带,1
混合,1
拿月线,1
被哥,1
跌下,1
不中,1
以缺,1
撒开,1
精细化,1
冥冥之中,1
联会,1
胆小如鼠,1
常忆,1
算好,1
农副产品,1
磨磨蹭蹭,1
沙滩,1
本命年,1
忍无可忍,1
12850,1
托起来,1
费时间,1
再花,1
涨价,1
好稳,1
托托,1
平时,1
不大妙,1
上个星期,1
配送,1
双色球,1
002481,1
002911,1
坎坷,1
输配电,1
大指,1
地利,1
写字,1
我割,1
日起,1
吸血,1
囊中之物,1
用年线,1
等候,1
分离,1
好心,1
太坏,1
实话,1
发送,1
以小,1
围绕,1
人行,1
跌少少,1
电力集团,1
空弱,1
全国,1
新龙头,1
出事,1
始于,1
第一课,1
八方,1
煮,1
守纪,1
较严,1
3022,1
牛是,1
诱多后,1
回头路,1
不拉想,1
美不美,1
意志,1
话语,1
将建,1
多股,1
大湿们,1
保持沉默,1
狐朋狗友,1
数额,1
不大可能,1
空美股,1
预想,1
3180,1
意念,1
刹,1
好面,1
大中,1
只卡,1
阴涨,1
岛,1
有点累,1
马拉,1
146,1
已久,1
涨任,1
奢望,1
金河,1
大城,1
剧烈运动,1
冬季,1
点元,1
拼死,1
尽力,1
谨记,1
千万元,1
帮看,1
天长,1
24960,1
不言底,1
综指,1
没去,1
阴沟,1
若回,1
银都,1
增速,1
同道,1
庄玩,1
赚疯了,1
底气,1
这位,1
兔子,1
债再,1
出不掉,1
炸,1
雪暗,1
拳击,1
20000,1
000725,1
两面,1
说得好,1
十分钟,1
个性,1
高九,1
绿绿,1
略有,1
河源,1
磨蹭,1
指待,1
金田,1
搞不好,1
防暑,1
趋缓,1
终将,1
V4,1
稀奇,1
假期,1
言,1
转板,1
刺眼,1
三季度,1
检查,1
康,1
船,1
中要,1
山坡,1
碰运,1
未改,1
放在,1
未卜,1
转化,1
谷歌,1
对称性,1
终须,1
教材,1
就位,1
一局,1
进点,1
神鬼,1
见鬼,1
重没,1
绿时,1
淋淋,1
链即,1
认输,1
越往,1
做龙,1
业绩考核,1
蓬低,1
活到,1
死劲,1
淹没,1
追一,1
市行,1
商砸盘,1
热股,1
最末端,1
却说,1
可燃,1
21.17,1
稍作,1
一博,1
O,1
老多,1
猜测,1
小结,1
无色,1
001,1
电脑,1
白日梦,1
大鹏,1
圈,1
千种,1
命牢,1
002346,1
亿纬锂,1
勿,1
减技,1
一万八千,1
惧,1
功课,1
谈何容易,1
记错,1
6.08,1
蒙,1
热情,1
Q3,1
暑天,1
院,1
国金,1
反复无常,1
倒霉,1
明白人,1
县城,1
前问,1
书本,1
H股,1
一分钱,1
暴拉,1
经脉,1
咬,1
口快,1
亿各股,1
签约,1
支股,1
135,1
崩塌,1
二选,1
高层,1
锐气,1
医生,1
似,1
体健,1
祀人忧天,1
危,1
整数,1
95%,1
网购,1
507957,1
虐,1
我祝,1
十六,1
已长,1
众多,1
口味,1
苏宁,1
选不出,1
朱莉,1
最多人,1
公墓,1
砍,1
若干,1
程度,1
比大,1
业,1
气势,1
向南,1
尘埃,1
牛途且,1
暗度陈仓,1
時候,1
3150,1
深股通,1
开头,1
赌错,1
芯算,1
吊杀,1
死性,1
积累,1
看运气,1
牛氓,1
抛盘,1
任尔,1
一浪,1
发痴,1
搞来搞去,1
不顺,1
外国,1
特为,1
九州,1
孤军奋战,1
点华,1
观战,1
构思,1
察觉,1
韭白,1
顶不住,1
民企,1
时高,1
装得,1
今如,1
sad,1
假票,1
扔,1
21.91,1
独跌,1
姓,1
开建,1
细看,1
清明,1
忙碌,1
涨酒,1
滴滴,1
97%,1
世运,1
元到,1
用意,1
争口气,1
1.5,1
靠纯,1
仙人指路,1
股来,1
今年年初,1
改组,1
热烈庆祝,1
龄,1
购买,1
令人,1
10.5,1
中药,1
再进,1
14000,1
这块,1
我来,1
众人皆醉,1
客太多,1
第一类,1
招商,1
投在,1
生还,1
看光,1
稀释,1
蓝海,1
劈叉,1
港口,1
SH603477,1
输入,1
快抢,1
掰,1
娘们,1
开仓,1
感觉良好,1
温不火,1
ArF,1
向东流,1
知足常乐,1
MSCI,1
一会儿,1
一道,1
傻博,1
抽烟,1
这求样,1
细分,1
温柔,1
直饮水,1
贪个,1
2482,1
杀伤,1
董事长,1
看老美,1
茅台镇,1
同步操作,1
一丁点,1
首付,1
追循,1
养殖,1
民为,1
机开,1
慢慢来,1
从业人员,1
白在,1
前几次,1
之力,1
顶明,1
没压,1
002612,1
搭进去,1
那号,1
开板,1
入梅,1
电商,1
太晚,1
慢悠悠,1
亿的量,1
游者,1
辨别,1
分水岭,1
我敢,1
442,1
实学,1
长虹,1
独行,1
洗掉,1
风光,1
赌酱,1
当作,1
哀股,1
充当,1
对贵,1
付,1
戒骄戒躁,1
泛滥,1
本能,1
深坑,1
耳朵,1
19.51,1
红开,1
费时,1
晴,1
成天,1
诱高,1
解答,1
差评,1
胡春华,1
探索,1
海口,1
搏,1
达标,1
出发,1
我特,1
氢能,1
众所周知,1
悲哀,1
智商,1
老火,1
无故,1
E,1
自信心,1
我彻,1
偏多,1
隆雅图,1
拉上,1
看年线,1
饲料,1
1690,1
地皮,1
红色,1
四千,1
叠加,1
引线,1
走慢,1
驾到,1
东风,1
弄鬼,1
柔情,1
抗击,1
披露,1
当凌绝,1
ST5,1
2978,1
不务正业,1
海信,1
合,1
情有独钟,1
红旗飘飘,1
忙里偷闲,1
昏昏欲睡,1
高买,1
广州,1
舒适,1
小妖女,1
中楼,1
等同,1
服务中心,1
闲暇,1
人情,1
好惨,1
00072,1
大举进攻,1
职工,1
十一月,1
莱克,1
瑞金,1
日短,1
劲能,1
大累,1
夹缝,1
求生,1
股成,1
九成,1
自来,1
几百点,1
呼声,1
中石化,1
敬爱,1
概率分析,1
转价压,1
独醒,1
坚实,1
上套,1
涨声,1
搞定,1
周月,1
崩断,1
更迭,1
毛线,1
爱司凯,1
误解,1
痛痛,1
轿夫,1
晶瑞,1
得益于,1
喑语,1
蚂蚁,1
下浮,1
冲不上,1
原先,1
打败,1
五月份,1
建楼,1
白里,1
隔壁,1
千分,1
单护,1
管理,1
灾难,1
百倍,1
货低,1
联储,1
603100,1
六块,1
比亚,1
悲切,1
时大单,1
2026,1
成本价,1
登峰,1
拉根,1
大哭,1
工行,1
一世,1
市场预测,1
抖,1
后移,1
海正,1
破四,1
江湖,1
奇才,1
十足,1
点亏,1
真烂,1
春,1
道生,1
协力,1
温,1
多长,1
十万元,1
啥样,1
20200508,1
新闻媒体,1
配股,1
讽刺,1
会大,1
泰山,1
池来,1
没算,1
小阴小阳,1
金钱,1
赛道,1
磨炼,1
人想,1
破发,1
那雷藏,1
有缘人,1
邹欣,1
保利,1
会拉回,1
不幸,1
12770,1
雷是,1
水灾,1
三剑客,1
衣服,1
拉夏,1
远阔,1
补个,1
搬个,1
初心,1
掌控,1
大中小,1
报团,1
10%,1
完前,1
无惧,1
没好,1
次升浪,1
失地,1
看凉,1
家用,1
数列,1
周边,1
飞刀,1
今早,1
情绪低落,1
假货,1
京威,1
闸,1
苗头,1
2966,1
点处,1
无缘,1
掏,1
哲学,1
自由,1
三四个,1
个实,1
光看,1
已见,1
蓝多,1
青春,1
73598,1
迟来,1
钢研,1
坐好,1
敷衍,1
咋样,1
脑子,1
指出,1
真龙,1
过高,1
常见,1
海油,1
o,1
画个,1
吉鑫,1
知,1
托举,1
上上,1
之战,1
这逼样,1
仰天,1
洋皮,1
起大,1
突突突,1
0.64%,1
岌岌,1
已空仓,1
故人,1
空狗少,1
磐石,1
气,1
保本,1
三利普,1
农亏,1
明牌,1
百媚,1
周刚,1
免得,1
一泻千里,1
偏空,1
骨眼,1
天数,1
末来,1
永太,1
点见,1
震旦,1
名内,1
000651,1
挑灯,1
易成,1
兑,1
循环,1
前三名,1
堂堂,1
一览表,1
捷径,1
调转,1
尊,1
两字,1
空大,1
一点半点,1
天缠,1
客,1
势在必行,1
换过,1
运营,1
眼看,1
2909.13,1
帮不了,1
拔地,1
社区卫生,1
节约用电,1
轨道交通,1
600782,1
早落,1
打散,1
定时炸弹,1
太尿性,1
寄生虫,1
大放异彩,1
再战,1
快补,1
0921,1
潍柴,1
脱离危险,1
荐文,1
几十亿,1
没点,1
好家,1
云南昆明,1
18021,1
陆战,1
捣蛋,1
最晚,1
酱香,1
进有,1
别编,1
002613,1
中日,1
吃零食,1
603533,1
二轮,1
机不可失,1
SZ002555,1
一人,1
护城河,1
1849,1
日往,1
分时线,1
挺不住,1
赚大钱,1
抬轿子,1
领头羊,1
突涨,1
框框,1
有意识,1
同跌,1
帖主,1
巨亏,1
户数,1
强拉破,1
货要,1
眼睛,1
海富,1
几两,1
舒心,1
米国,1
正事,1
中石,1
思路清晰,1
压盘,1
厂,1
公,1
该散,1
口后,1
同感,1
2C,1
液晶面板,1
空客,1
坏人,1
笑脸,1
苏湖,1
基民,1
被码,1
厦门,1
力量,1
它会,1
弓拉,1
补跌,1
贝尔,1
16850,1
重工,1
手感,1
毫无关系,1
和解,1
挺胆,1
2929,1
触底,1
形容,1
败招,1
收盤,1
品行,1
败坏,1
初牛,1
设定,1
可挡,1
入省,1
再临,1
稳赚,1
鄙视,1
不精,1
迪士尼,1
发现自己,1
草地,1
市场前景,1
活着,1
常识,1
各路,1
每一波,1
考核,1
齐射,1
太磨,1
紫金,1
13.22,1
食,1
怕得罪人,1
压缩,1
大大的,1
绿毛龟,1
定性,1
大湖,1
跨境,1
惯,1
能行,1
老油条,1
附件,1
愁恰,1
令人发指,1
精采,1
拉下,1
世事,1
元进,1
稳中有,1
押,1
手指,1
技能,1
自定,1
看下,1
更正,1
全给,1
时日,1
照猫画虎,1
缆,1
开贴,1
长得,1
教创,1
竞争,1
惊讶,1
众泰,1
好赚,1
SH600276,1
马枪,1
胜算,1
曰,1
06.02,1
登陆,1
首阴,1
懦夫,1
理买,1
稳盘,1
人股,1
丁点,1
无常,1
十号,1
怀念,1
对错,1
小绿,1
所料,1
选对,1
副局长,1
没价,1
二话,1
广泛应用,1
N年,1
可控,1
涨出,1
次数,1
买空,1
抛空,1
多日,1
还别,1
小民,1
肯拉,1
快选,1
总有一天,1
002853,1
文,1
月均,1
双一,1
透顶,1
小户,1
奥秘,1
感慨万千,1
宇宙,1
众,1
难动,1
我醉,1
绝型,1
纵情,1
生活费,1
三七,1
出乎意料,1
直饮,1
逆天,1
起床,1
空军,1
动身,1
读,1
小事,1
骗钱,1
五娘,1
打头阵,1
醍醐,1
四十个,1
啼,1
宏远,1
猎杀,1
基金净值,1
透了心,1
阶梯式,1
说大底,1
邦本,1
就业人数,1
肾上腺素,1
扫到,1
废物,1
整车,1
计入,1
纷繁,1
等于,1
尾巴,1
触发,1
三句,1
COLMO,1
骂声,1
元逻辑,1
300577,1
大早,1
不及格,1
陪葬,1
演,1
SZ002845,1
一揽子,1
情形,1
第六,1
直上,1
实破,1
三十分钟,1
万全,1
12%,1
拐杖,1
牛毛,1
看托,1
之神,1
落单,1
认真思考,1
直击,1
海角,1
接上,1
小白来,1
红柱,1
心痛,1
一个样,1
603888,1
必需品,1
省广能,1
铜,1
一柱擎天,1
想进,1
略涨,1
保监会,1
再加,1
索尔,1
静静的,1
好棒,1
Laji,1
微幅,1
非常简单,1
守纪律,1
而亡,1
大宵,1
排骨,1
开拉,1
揭,1
杰作,1
抄作,1
坚定信心,1
发笔,1
过山车,1
深潜,1
梦想,1
第四天,1
吹起来,1
高帽,1
440,1
一般般,1
进退,1
套子,1
大面积,1
隔应,1
无一是,1
评书,1
巴老买,1
6.59%,1
笑哈哈,1
飞杨,1
一拉,1
反身,1
3029.46,1
喜乐,1
摆在,1
微绿,1
姑娘,1
租赁,1
长短,1
秋,1
称号,1
买个,1
人间,1
002582,1
总能,1
三公,1
有眼,1
小收,1
抗奋期,1
厂商,1
一小部分,1
来袭,1
查看,1
别忘记,1
闭嘴,1
极有,1
晚餐,1
无底,1
迷津,1
贴水,1
28%,1
出乎,1
3.15,1
超群,1
两千多,1
守仓,1
多买,1
0.382,1
担的责,1
本周一,1
函数,1
盘开,1
壓價,1
熬过,1
浮生,1
搞不懂,1
不言,1
苏,1
比较严重,1
大矮股,1
被关,1
最快,1
面前,1
升天,1
钞票,1
这屎样,1
少卖,1
吃奶,1
英联,1
全方位,1
四二,1
发言,1
浓厚,1
大张,1
楼市,1
实在话,1
有事,1
小部,1
左上,1
必有游,1
持久,1
取个,1
拿走,1
拱,1
梦之队,1
大规模,1
一江,1
申请,1
随随便便,1
价齐升,1
人活,1
300230,1
股群,1
跑否,1
扼住,1
向来,1
股评家,1
大后天,1
某神,1
昨天中午,1
太阳,1
没亏,1
有网,1
关灯,1
嗔,1
相差无几,1
是否是,1
汇率,1
境,1
没钱买,1
流行,1
恶臭,1
领域,1
涨有,1
练达,1
胜率,1
跟踪,1
醋业,1
至六小,1
必冲,1
立案,1
不利,1
力献,1
连读,1
我定,1
十来,1
试剂,1
1435,1
柱,1
翻过去,1
绝伦,1
板板,1
难容,1
拼,1
3w,1
训练,1
华星,1
看高开,1
志同道合,1
甩,1
落袋,1
四年,1
连衣,1
等一等,1
几十年,1
甘心,1
缺一,1
2896.35,1
纯在,1
社,1
没姑,1
不晕,1
2952,1
一不小心,1
炸弹,1
给出,1
Q1,1
热身,1
番茄,1
低落,1
一亿,1
质变,1
为时尚早,1
智,1
年来,1
不留,1
转使,1
十几年,1
压低,1
广西,1
口子,1
三大唱,1
伊,1
蒙骗,1
真难,1
哪是,1
4.66,1
三月初,1
深思熟虑,1
输是,1
介,1
刺,1
国际期货,1
9774,1
万点,1
味蕾,1
字形,1
天前,1
路人皆知,1
牛转,1
寻求,1
收绿盘,1
火山,1
好消息,1
制订,1
参考消息,1
巨量,1
孑要,1
引力,1
晴雨表,1
别买别,1
烈火,1
意识,1
金岭,1
首歌,1
39.65,1
转化成,1
炒题,1
间距,1
优先股,1
予以,1
锤子,1
为托,1
赖赖,1
练功,1
一位,1
雷,1
熬过来,1
考研,1
赶不上,1
人民日报,1
借机,1
发个,1
闷棍,1
鬼怪,1
办公室,1
太拉,1
观念,1
作人,1
推广,1
江南,1
年方展,1
柬埔寨,1
吉会,1
介绍,1
M2,1
走输,1
求天求,1
收假,1
振荡整理,1
狼要,1
烤,1
黑天,1
帕金森,1
自我介绍,1
玩坏,1
逮板,1
二板,1
收小,1
南墙,1
推行,1
下深,1
面试,1
走非,1
大阴,1
罗山,1
政,1
3080,1
僧侣,1
物业管理,1
泰,1
季线,1
没谢,1
顶点,1
25%,1
设,1
切磋,1
大无地,1
520,1
心不甘,1
SZ002600,1
死于,1
节字,1
冥冥,1
粮食,1
封死,1
华鑫,1
往死里,1
接力,1
用力,1
机械,1
只敢,1
000573,1
有趣,1
极低,1
聚光,1
夺回,1
拉不拉,1
复权,1
血雨,1
侢,1
原名,1
力行,1
很难说服,1
戈尔,1
天润,1
二十日,1
海立,1
众望,1
链接,1
商誉,1
科华,1
3099,1
饮水,1
现阶段,1
高高兴兴,1
605,1
有民,1
出个,1
发慌,1
527340,1
羊,1
sin,1
单来,1
匹配,1
往上爬,1
燃气,1
这家,1
滚动,1
二支,1
整版,1
悲伤,1
悠着点,1
拖拉机,1
护驾,1
最终,1
对此,1
营造,1
急死了,1
盆地,1
现有,1
中芯,1
境由,1
补洞,1
201181,1
一号,1
高纳,1
万省,1
博客,1
纵观,1
集结,1
512,1
全出,1
妖股,1
没懵错,1
002601,1
693,1
自贸港,1
难于登天,1
登记,1
风洞,1
羊毛,1
信念,1
电子元件,1
拉小,1
还给,1
套装,1
嘩,1
原料,1
二者,1
兜里,1
大红,1
元件,1
俱,1
治愈,1
真言,1
说真的,1
名列,1
静静地,1
错觉,1
慨念,1
000912,1
氢狂,1
一首,1
双色,1
预见性,1
蓝帆,1
惹祸,1
直挂,1
持股会,1
利多,1
头路,1
集中精力,1
有冲,1
丢人,1
龙影,1
军品,1
指表,1
愿景,1
麻烦,1
熙菱,1
无风险,1
跌多,1
180,1
太热,1
缺涨,1
润滑剂,1
股派,1
吹须,1
个平,1
辣,1
无益,1
神仙,1
阴天,1
举个,1
自玩,1
口去,1
观注,1
进套,1
作者,1
文章内容,1
2660,1
236,1
学业,1
这水,1
崩,1
吐气,1
线和确,1
奉劝,1
点咯,1
壳,1
刀口,1
唐,1
没吊用,1
零点,1
正川,1
计成,1
坏消息,1
吓一跳,1
全新,1
会火,1
开局,1
建成,1
入流,1
000996,1
而来,1
争,1
活物,1
和技,1
赔付,1
5.3,1
送别,1
能亏,1
死拉,1
短视,1
待机,1
玩弄,1
实实在在,1
要赞,1
最悔入,1
减到,1
观星,1
随便说说,1
液压,1
连珠,1
杂乱,1
暴,1
大钱,1
603109,1
3020,1
压下,1
固执,1
三星电子,1
流速,1
得益,1
散乱,1
该动,1
做鬼,1
半年线,1
谢能,1
扑街,1
务必,1
助涨,1
会慎动,1
近几个月,1
动员,1
为期,1
制牛,1
策划,1
跟上去,1
收成,1
一卖,1
几十万,1
用电器,1
发牛,1
遮阳伞,1
系低,1
买创,1
独树,1
指地,1
统一,1
下移,1
降温,1
办理,1
安安静静,1
海富通,1
书,1
3014,1
11112.50,1
塞有,1
盯住,1
裤子,1
长期投资,1
美美,1
地去,1
退钱,1
101,1
阿里巴巴,1
零食,1
潜藏,1
注重,1
更香,1
理念,1
300690,1
因美股,1
屎壳郎,1
勤奋,1
隔离,1
摊牌,1
销量,1
叫苦,1
新来,1
这笔,1
蹒跚,1
两千,1
排,1
润,1
压跌,1
维生,1
嘴炮,1
立讯仓,1
没了,1
我越,1
药物,1
宏观经济,1
运动员,1
SZ002688,1
现代化,1
神剑,1
但弱,1
徐工,1
很弱,1
主力部队,1
人云,1
1055,1
不怪,1
该减,1
一战,1
优良传统,1
强求,1
特立,1
必涨,1
乐观,1
000592,1
怎能,1
600812,1
sai,1
三线,1
沾边,1
若即若离,1
5.22,1
一剂,1
守一,1
SZ300655,1
输配,1
三十几,1
最底,1
想法,1
再用,1
百分之五十,1
功,1
重炮,1
书籍,1
响应,1
涨回来,1
股權,1
无止境,1
永衡,1
300015,1
月余,1
打不中,1
换马,1
用意何在,1
凯,1
仙,1
心有余而力不足,1
销售,1
0.41,1
良药,1
百度,1
一遍,1
黑洞,1
气氛,1
婴儿,1
跳伞,1
病毒,1
深指,1
多地,1
分仓,1
增强,1
蛟龙,1
耐得,1
股市行情,1
破样,1
周知,1
经常出现,1
烧烤,1
这根,1
MAC,1
忽散,1
区下,1
泪,1
山哥,1
共存,1
那种,1
点名,1
劲草,1
自助,1
神车,1
难上加难,1
6008,1
爬高,1
情不愿,1
整体健康,1
有机,1
大二,1
134,1
红箭,1
金融证券,1
泳装,1
吃肉,1
内涵,1
电视新闻,1
䃼,1
借冲,1
痴,1
xiong,1
前秦,1
点别,1
快装,1
极少数,1
赚二平,1
指低,1
多支,1
所示,1
1688,1
精彩绝伦,1
构造,1
勿躁,1
錢别,1
送至,1
箱体,1
7.63,1
专业户,1
强多,1
78%,1
赞同,1
伊戈尔,1
即可,1
笔算,1
遍地,1
不掉,1
用于,1
回点,1
不见不散,1
牢不可破,1
骨气,1
应用软件,1
心无股,1
风景,1
强推,1
金再,1
FAANG,1
财政,1
赶海,1
这盘,1
九日,1
看真,1
血本,1
放开,1
不出所料,1
256,1
那股,1
外因,1
弱反,1
之日,1
同一个,1
穷,1
中证,1
末期,1
主动进攻,1
激智,1
资产重组,1
天是,1
本波,1
不难,1
没深,1
方位,1
拓中,1
积极探索,1
火腿,1
2853,1
292,1
转价托,1
人事,1
阴包,1
仓里,1
怀着,1
足够,1
奖品,1
空狗,1
专玩,1
了兆易,1
迟早会,1
上苍,1
一歇,1
3030,1
乳业,1
理顺,1
只评,1
拖拉机厂,1
信用卡,1
起因,1
操作失误,1
透绿,1
景象,1
吓人,1
怪圈,1
今为,1
运通,1
收窄,1
这轮,1
快进,1
002486,1
参考价,1
交流学习,1
朝阳,1
账号,1
Dr,1
日冲,1
失眠,1
通用汽车,1
如果说,1
多彩,1
怒破,1
满意,1
万人,1
万八千,1
卖方,1
行程,1
争利,1
那涨,1
短线交易,1
三大指,1
成强,1
云开,1
疾风知劲草,1
南大,1
货币基金,1
股真,1
瞎猜,1
逼下来,1
签金宏,1
定心,1
最早,1
祥林,1
价为,1
太会,1
盘尾拉,1
镰刀,1
比亚迪,1
小白学,1
越不买,1
要个,1
抢畴,1
双熊,1
大阳现,1
宁静,1
砖家来,1
事物,1
不可动摇,1
得话,1
好开心,1
弄死,1
干净,1
存钱,1
开赌,1
追高博,1
内盘,1
阴雨天,1
盲动,1
深南电,1
生涯,1
居多,1
激发,1
很难说,1
销售额,1
拉权,1
厲害,1
红火,1
闹心,1
忧伤,1
网游,1
话语权,1
康跃,1
美联储,1
没门,1
吹起,1
陡,1
搭配,1
说得对,1
喊空,1
安安,1
600734,1
往里,1
两万,1
三力,1
覆没,1
二分,1
48%,1
配分,1
理会,1
框架,1
超越,1
一百两百,1
3.76,1
没大,1
威派格,1
满上,1
征股,1
准噶尔盆地,1
中点,1
就够,1
感情,1
2950.06,1
日略缩,1
起到,1
生产商,1
没辙,1
佩蒂,1
在国,1
浪形,1
603068,1
抓住机遇,1
玉门,1
核平,1
把脉,1
速率,1
打不出,1
第一步,1
水花,1
民,1
每秒,1
大势已去,1
冲满,1
棕榈,1
牛比,1
再次出现,1
21%,1
最末,1
换马甲,1
叫苦连天,1
益智,1
马斯克,1
确保,1
船长,1
解码,1
国人,1
难上,1
二连,1
盘尽,1
精力,1
小微,1
比涨,1
告一段落,1
彰显,1
控得,1
专做,1
当发大,1
践踏,1
还记,1
稚嫩,1
暗暗,1
抢夺,1
这空,1
长叹,1
电源,1
驱使,1
城河,1
干跑,1
快下,1
惨重,1
心惊胆战,1
冲完,1
白忙,1
手气,1
需要量,1
之旅,1
家庭版,1
阴棍,1
神鬼难测,1
银,1
千难万难,1
点大,1
再往,1
胜败,1
0508,1
作用力,1
快好了,1
主意,1
买套,1
尖峰,1
低开震,1
七十,1
视,1
领益,1
离不开,1
不负,1
摩尔,1
600130,1
阳顶,1
八月份,1
画得,1
卫宁,1
拿出,1
功率,1
可味,1
护个,1
杀入,1
斜率,1
受伤,1
取代,1
高中,1
厂内,1
mb,1
做做,1
十股,1
客观,1
微商,1
减弱,1
美食,1
痛,1
价压,1
防疫,1
签署,1
喝大,1
持看,1
形状,1
风水,1
鲜明,1
2758,1
1.0,1
股全,1
无异,1
翘起来,1
11108.36,1
牛鬼蛇神,1
第一支,1
轨道,1
189.7,1
站不住,1
下辈,1
试剂盒,1
穷斯,1
捂股,1
行车,1
SH00,1
如火,1
万难,1
连跌,1
八只,1
SZ3990,1
SZ002662,1
罪人,1
300ETF,1
002576,1
借故,1
8.12,1
付出,1
泡泡,1
4477,1
背着,1
看错,1
只欠东风,1
8.75,1
29300,1
漳泽,1
三件,1
独钟,1
别费,1
尼古拉,1
踏,1
那契,1
翘起,1
轻而易举,1
拟减,1
排列,1
补下,1
切齿,1
回血,1
跌股,1
中国人民银行,1
股票交易,1
顶格,1
莫等闲,1
撤销,1
密,1
碗底,1
但己,1
SZ300346,1
煌,1
6033922,1
77931,1
中涨,1
推过,1
历事,1
流水,1
三根,1
2928.30,1
视网,1
部队,1
飙涨,1
置若罔闻,1
二生,1
看势,1
买兆新,1
农垦,1
趁回,1
9900,1
一颗,1
碰上,1
视频,1
奖励,1
系,1
一栏,1
问答,1
戴帽,1
运输,1
中兵,1
气急败坏,1
海德,1
相差,1
每周三,1
铁律,1
不同寻常,1
别买,1
期初,1
点花,1
失眠症,1
哭无泪,1
加零,1
徐工塔机,1
我晕,1
足迹,1
34308,1
打止,1
保险机构,1
所愿,1
发在,1
降息,1
两根,1
稍安,1
只卖,1
痛痛快快,1
不明,1
可循,1
康得,1
落下,1
靴子,1
主升,1
点破,1
这下,1
州市,1
特高压,1
益于,1
弥补,1
上空,1
可燃冰,1
低吸富,1
300%,1
未必,1
建投式,1
制下,1
多重,1
吸金,1
周能,1
本固邦宁,1
一如既往,1
不保,1
击溃,1
机床厂,1
上帝保佑,1
包,1
管它,1
从斐波,1
股渣,1
可观,1
逃命要紧,1
大半天,1
2670,1
盘久,1
一跌二跌,1
视觉,1
凌晨,1
大旗,1
召集令,1
掉头,1
之末,1
各类,1
养套,1
问省,1
未名,1
取,1
至极,1
待发,1
盈利模式,1
缩头乌龟,1
博信,1
2967.77,1
读缠,1
我家,1
散马,1
小红,1
弟兄们,1
多发期,1
别乱,1
好事多磨,1
没跑,1
特别之处,1
农林,1
自问自答,1
长投,1
人不认,1
稳字,1
强烈要求,1
颈线,1
负债,1
信得,1
本月底,1
1689,1
雨,1
涌入,1
千分之一,1
妖魔,1
下角,1
必下,1
大街,1
妈个,1
剧烈,1
真服,1
收市,1
别碰,1
键,1
节节,1
吉利,1
难度,1
jaF0nf,1
繁荣昌盛,1
历经,1
白玩,1
与其说是,1
美女,1
绿帽子,1
生物科技,1
开润,1
特立独行,1
深沉,1
停滞,1
SZ300381,1
在生活中,1
钟馗,1
经此,1
钢铁行业,1
天时地利人和,1
两面针,1
行家,1
疯鸡,1
告辞,1
柴火,1
300781,1
稀碎,1
原点,1
在短期内,1
捞一把,1
未因,1
反攻,1
交通,1
戴绿帽子,1
屁,1
酒水,1
1700,1
猛烈,1
乌龙球,1
芯瑞,1
泼冷水,1
中信银行,1
走走,1
一猜,1
俊,1
另一只,1
输间,1
明涨,1
抗生,1
屁儿,1
零部件,1
夜战,1
SH600679,1
一模一样,1
可低,1
20.23,1
季,1
质控,1
啥子,1
揣摩,1
多姿,1
168,1
生成,1
趴,1
税费,1
手空,1
一停,1
发实盘,1
强有力,1
破前,1
603088,1
高得,1
扭亏为盈,1
大经,1
爆发式,1
顶天,1
骂人,1
玩耍,1
非羊,1
带个,1
东湖,1
603722,1
目光短浅,1
一动不动,1
干活,1
日新开,1
回杀,1
经理,1
划分,1
空托,1
一现,1
还处,1
拖下,1
所作,1
征信,1
展现,1
算账,1
37.99,1
老人,1
唱空大,1
看失,1
下个,1
小点,1
五万,1
高端,1
架势,1
农村部,1
2909.59,1
咱大,1
回家吧,1
连接,1
庚子年,1
{,1
真才实学,1
壮胆,1
绕行,1
蓄势待发,1
底色,1
零轴,1
两句,1
走动,1
此时此刻,1
珠穆,1
农种,1
判定,1
晃晃悠悠,1
26.1,1
西南,1
致敬,1
体内,1
公司业绩,1
神是,1
06.03,1
会大涨,1
深南,1
先来,1
搜索,1
牛企,1
回马枪,1
擅长,1
案板,1
改不了,1
老白干,1
草图,1
9865,1
涨滴,1
预言,1
骨骼,1
吊颈线,1
死撑,1
二月,1
羚羊,1
全资,1
吸血鬼,1
000001,1
前有,1
井喷,1
好处多多,1
十几万,1
坐轿子,1
3040,1
买票,1
批评,1
St,1
淡淡的,1
繁复,1
句,1
点到,1
表象,1
军团,1
所经,1
tcl,1
证监局,1
后动,1
共识,1
没完没了,1
战友,1
比价,1
拉成,1
福,1
300645,1
废,1
2933,1
讼费,1
跟风,1
同情,1
02679,1
历尽艰难,1
征服,1
上煌,1
脾,1
茅,1
吸等,1
有量,1
惠发,1
机床,1
无论是,1
新局,1
空仓空,1
小视,1
打头,1
要防,1
不绝,1
灭,1
从浪形,1
这发,1
儒,1
关悦,1
发射塔,1
轻视,1
先割,1
两幅,1
溜溜,1
1923,1
盘补,1
没高,1
春风,1
鸟长,1
激活,1
戴绿帽,1
固有,1
汇嘉,1
不计成本,1
真跌,1
四万块,1
接回,1
下购,1
天气预报,1
可下,1
荣昌,1
够呛,1
1800,1
绿帽,1
雪,1
	,1
看图明,1
你准,1
